budget_function,total_used_budget_r,total_used_budget_w,total_calc_r,total_calc_w,used_budget_per_period_read[0],used_budget_per_period_read[1],used_budget_per_period_read[2],used_budget_per_period_read[3],used_budget_per_period_read[4],used_budget_per_period_read[5],used_budget_per_period_read[6],used_budget_per_period_read[7],used_budget_per_period_read[8],used_budget_per_period_read[9],used_budget_per_period_write[0],used_budget_per_period_write[1],used_budget_per_period_write[2],used_budget_per_period_write[3],used_budget_per_period_write[4],used_budget_per_period_write[5],used_budget_per_period_write[6],used_budget_per_period_write[7],used_budget_per_period_write[8],used_budget_per_period_write[9],calc_per_period_read[0],calc_per_period_read[1],calc_per_period_read[2],calc_per_period_read[3],calc_per_period_read[4],calc_per_period_read[5],calc_per_period_read[6],calc_per_period_read[7],calc_per_period_read[8],calc_per_period_read[9],calc_per_period_write[0],calc_per_period_write[1],calc_per_period_write[2],calc_per_period_write[3],calc_per_period_write[4],calc_per_period_write[5],calc_per_period_write[6],calc_per_period_write[7],calc_per_period_write[8],calc_per_period_write[9],
EWMA,13169186,8148179,8936793,5514978,1879691,1752024,1478605,1313245,1214087,1154530,1118698,1097272,1084400,1076634,1076031,1108991,931438,824017,759634,720936,697665,683745,675384,670338,375938,651155,816645,915965,975589,1011377,1032841,1045727,1053461,1058095,215206,393963,501458,565969,604702,627948,641891,650261,655285,658295,
SW,12990986,8082997,8945825,5568245,2130400,53755,691936,1171264,1490866,1490828,1490619,1490484,1490415,1490419,1325744,35800,429792,728339,927391,927367,927232,927138,927093,927101,2076133,1438100,958697,638985,638985,638985,638985,638985,638985,638985,1289589,895705,597112,397977,397977,397977,397977,397977,397977,397977,
AMBP,12976220,8074835,8746417,5442783,1491103,1831329,1525645,1341487,1230976,1164714,1124951,1101067,1086753,1078195,927580,1139640,949432,834824,766048,724807,700058,685194,676287,670965,298300,604905,789053,899539,965826,1005603,1029472,1043791,1052383,1057545,185596,376404,491009,559772,601027,625783,640638,649549,654896,658109,
AFC,12694949,7896937,8469203,5267302,933123,1943380,1592566,1381694,1255120,1179218,1133625,1106262,1089883,1080078,574533,1210571,991796,860271,781324,733989,705548,688485,678268,672152,186624,537975,748893,875453,951386,996952,1024286,1040681,1050521,1056432,114906,334039,465590,544526,591885,620305,637353,647579,653716,657403,
(# scenario1 above)

budget_function,total_used_budget_r,total_used_budget_w,total_calc_r,total_calc_w,used_budget_per_period_read[0],used_budget_per_period_read[1],used_budget_per_period_read[2],used_budget_per_period_read[3],used_budget_per_period_read[4],used_budget_per_period_read[5],used_budget_per_period_read[6],used_budget_per_period_read[7],used_budget_per_period_read[8],used_budget_per_period_read[9],used_budget_per_period_write[0],used_budget_per_period_write[1],used_budget_per_period_write[2],used_budget_per_period_write[3],used_budget_per_period_write[4],used_budget_per_period_write[5],used_budget_per_period_write[6],used_budget_per_period_write[7],used_budget_per_period_write[8],used_budget_per_period_write[9],calc_per_period_read[0],calc_per_period_read[1],calc_per_period_read[2],calc_per_period_read[3],calc_per_period_read[4],calc_per_period_read[5],calc_per_period_read[6],calc_per_period_read[7],calc_per_period_read[8],calc_per_period_read[9],calc_per_period_write[0],calc_per_period_write[1],calc_per_period_write[2],calc_per_period_write[3],calc_per_period_write[4],calc_per_period_write[5],calc_per_period_write[6],calc_per_period_write[7],calc_per_period_write[8],calc_per_period_write[9],
EWMA,13169133,8148137,8936727,5514939,1879623,1751972,1478611,1313259,1214121,1154539,1118692,1097276,1084392,1076648,1075995,1108961,931433,824028,759650,720945,697657,683746,675379,670343,375924,651133,816628,915954,975587,1011377,1032840,1045727,1053460,1058097,215199,393951,501447,565963,604700,627949,641890,650261,655284,658295,
SW,12990913,8082965,8945944,5568315,2130373,53900,691881,1171263,1490864,1490719,1490600,1490474,1490400,1490439,1325720,35895,429754,728338,927390,927302,927223,927136,927088,927119,2075971,1438150,958718,639015,639015,639015,639015,639015,639015,639015,1289483,895737,597123,397996,397996,397996,397996,397996,397996,397996,
AMBP,12978750,8075982,8748184,5443587,1491573,1831690,1525858,1341759,1231193,1164907,1125174,1101285,1086965,1078346,927820,1139801,949524,834952,766142,724883,700164,685292,676380,671024,298394,605053,789214,899723,966017,1005795,1029670,1043993,1052587,1057738,185644,376475,491084,559857,601114,625867,640726,649639,654987,658194,
AFC,12697213,7897933,8470687,5267949,933095,1943765,1592885,1382032,1255318,1179430,1133837,1106488,1090099,1080264,574482,1210750,991939,860442,781405,734081,705647,688590,678366,672231,186619,538048,749015,875618,951558,997132,1024473,1040876,1050720,1056628,114896,334066,465640,544600,591961,620385,637437,647667,653806,657491,
(# scenario2 above)

budget_function,total_used_budget_r,total_used_budget_w,total_calc_r,total_calc_w,used_budget_per_period_read[0],used_budget_per_period_read[1],used_budget_per_period_read[2],used_budget_per_period_read[3],used_budget_per_period_read[4],used_budget_per_period_read[5],used_budget_per_period_read[6],used_budget_per_period_read[7],used_budget_per_period_read[8],used_budget_per_period_read[9],used_budget_per_period_write[0],used_budget_per_period_write[1],used_budget_per_period_write[2],used_budget_per_period_write[3],used_budget_per_period_write[4],used_budget_per_period_write[5],used_budget_per_period_write[6],used_budget_per_period_write[7],used_budget_per_period_write[8],used_budget_per_period_write[9],calc_per_period_read[0],calc_per_period_read[1],calc_per_period_read[2],calc_per_period_read[3],calc_per_period_read[4],calc_per_period_read[5],calc_per_period_read[6],calc_per_period_read[7],calc_per_period_read[8],calc_per_period_read[9],calc_per_period_write[0],calc_per_period_write[1],calc_per_period_write[2],calc_per_period_write[3],calc_per_period_write[4],calc_per_period_write[5],calc_per_period_write[6],calc_per_period_write[7],calc_per_period_write[8],calc_per_period_write[9],
EWMA,13168889,8147957,8936529,5514800,1879496,1751975,1478563,1313278,1214045,1154496,1118733,1097274,1084389,1076640,1075905,1108968,931414,824038,759591,720920,697679,683736,675372,670334,375899,651114,816603,915938,975559,1011346,1032823,1045713,1053448,1058086,215181,393938,501433,565954,604681,627928,641878,650249,655273,658285,
SW,12988289,8081714,8943944,5567340,2129988,53766,691757,1171027,1490589,1490470,1490300,1490190,1490110,1490092,1325557,35821,429691,728217,927272,927188,927073,926999,926953,926943,2075662,1437828,958504,638850,638850,638850,638850,638850,638850,638850,1289359,895588,597023,397910,397910,397910,397910,397910,397910,397910,
AMBP,12976076,8074701,8746392,5442736,1491335,1831289,1525543,1341467,1230939,1164678,1124927,1101034,1086726,1078138,927734,1139614,949364,834805,766017,724774,700047,685164,676264,670918,298347,604935,789056,899538,965818,1005590,1029457,1043772,1052362,1057517,185626,376423,491011,559769,601018,625769,640624,649532,654878,658086,
AFC,12694748,7896788,8469053,5267199,933089,1943343,1592547,1381670,1255079,1179191,1133620,1106256,1089898,1080055,574531,1210548,991770,860249,781297,733962,705543,688476,678276,672136,186617,537962,748879,875437,951365,996930,1024268,1040665,1050511,1056419,114906,334034,465581,544514,591870,620288,637339,647566,653708,657393,
(# scenario3 above)

budget_function,total_used_budget_r,total_used_budget_w,total_calc_r,total_calc_w,used_budget_per_period_read[0],used_budget_per_period_read[1],used_budget_per_period_read[2],used_budget_per_period_read[3],used_budget_per_period_read[4],used_budget_per_period_read[5],used_budget_per_period_read[6],used_budget_per_period_read[7],used_budget_per_period_read[8],used_budget_per_period_read[9],used_budget_per_period_write[0],used_budget_per_period_write[1],used_budget_per_period_write[2],used_budget_per_period_write[3],used_budget_per_period_write[4],used_budget_per_period_write[5],used_budget_per_period_write[6],used_budget_per_period_write[7],used_budget_per_period_write[8],used_budget_per_period_write[9],calc_per_period_read[0],calc_per_period_read[1],calc_per_period_read[2],calc_per_period_read[3],calc_per_period_read[4],calc_per_period_read[5],calc_per_period_read[6],calc_per_period_read[7],calc_per_period_read[8],calc_per_period_read[9],calc_per_period_write[0],calc_per_period_write[1],calc_per_period_write[2],calc_per_period_write[3],calc_per_period_write[4],calc_per_period_write[5],calc_per_period_write[6],calc_per_period_write[7],calc_per_period_write[8],calc_per_period_write[9],
EWMA,13168905,8147958,8936549,5514797,1879413,1752032,1478580,1313323,1214063,1154507,1118681,1097292,1084394,1076620,1075858,1108990,931430,824066,759596,720923,697634,683760,675374,670327,375882,651112,816605,915948,975571,1011358,1032822,1045716,1053451,1058084,215171,393934,501433,565959,604686,627933,641873,650250,655274,658284,
SW,12990453,8082619,8945895,5568227,2130330,53863,691947,1171238,1490833,1490670,1490534,1490418,1490321,1490299,1325691,35870,429788,728313,927377,927263,927171,927094,927037,927015,2075980,1438090,958713,639016,639016,639016,639016,639016,639016,639016,1289486,895695,597116,397990,397990,397990,397990,397990,397990,397990,
AMBP,12975923,8074609,8746208,5442621,1491081,1831220,1525625,1341486,1230928,1164759,1124861,1101068,1086692,1078203,927578,1139560,949412,834819,766000,724837,700001,685189,676250,670963,298296,604880,789029,899520,965801,1005592,1029445,1043769,1052353,1057523,185595,376388,490992,559757,601005,625771,640617,649531,654874,658091,
AFC,12694953,7896955,8469205,5267313,933086,1943462,1592535,1381746,1255043,1179175,1133640,1106328,1089870,1080068,574519,1210627,991767,860304,781286,733958,705565,688518,678263,672148,186617,537986,748895,875465,951380,996939,1024279,1040688,1050524,1056432,114903,334047,465591,544533,591883,620298,637351,647584,653719,657404,
(# scenario4 above)

budget_function,total_used_budget_r,total_used_budget_w,total_calc_r,total_calc_w,used_budget_per_period_read[0],used_budget_per_period_read[1],used_budget_per_period_read[2],used_budget_per_period_read[3],used_budget_per_period_read[4],used_budget_per_period_read[5],used_budget_per_period_read[6],used_budget_per_period_read[7],used_budget_per_period_read[8],used_budget_per_period_read[9],used_budget_per_period_write[0],used_budget_per_period_write[1],used_budget_per_period_write[2],used_budget_per_period_write[3],used_budget_per_period_write[4],used_budget_per_period_write[5],used_budget_per_period_write[6],used_budget_per_period_write[7],used_budget_per_period_write[8],used_budget_per_period_write[9],calc_per_period_read[0],calc_per_period_read[1],calc_per_period_read[2],calc_per_period_read[3],calc_per_period_read[4],calc_per_period_read[5],calc_per_period_read[6],calc_per_period_read[7],calc_per_period_read[8],calc_per_period_read[9],calc_per_period_write[0],calc_per_period_write[1],calc_per_period_write[2],calc_per_period_write[3],calc_per_period_write[4],calc_per_period_write[5],calc_per_period_write[6],calc_per_period_write[7],calc_per_period_write[8],calc_per_period_write[9],
EWMA,13297391,7817869,9022482,5288244,1898657,1766693,1491605,1325508,1226077,1166470,1130284,1108582,1095804,1087711,1021418,1064959,894643,791788,730216,693147,670724,657298,649365,644311,379731,657123,824019,924316,984668,1021028,1042879,1056019,1063976,1068723,204283,376418,480063,542408,579969,602604,616228,624442,629426,632403,
SW,13123932,7767904,9037132,5352679,2151913,53882,699250,1183430,1506056,1506014,1505886,1506067,1505673,1505761,1274022,35928,412656,699733,891005,890999,890905,891085,890793,890778,2097651,1452486,968348,645521,645521,645521,645521,645521,645521,645521,1237827,861246,574202,382772,382772,382772,382772,382772,382772,382772,
AMBP,13108515,7760824,8835397,5230972,1505804,1850168,1541140,1355337,1243428,1176674,1136325,1112315,1097977,1089347,890915,1095421,912597,802564,736177,696739,672812,658549,650002,645048,301240,611025,797048,908705,975649,1015854,1039948,1054421,1063132,1068375,178263,361694,471874,538012,577645,601463,615732,624295,629436,632558,
AFC,12826009,7588837,8557014,5061369,944692,1963047,1608685,1395575,1267741,1191402,1145200,1117543,1101113,1091011,549102,1164372,953729,826961,751092,705681,678187,661778,651988,645947,188938,543759,756744,884510,961156,1007205,1034804,1051351,1061303,1067244,109820,320730,447329,523255,568822,596193,612591,622428,628340,631861,
(# scenario5 above)

budget_function,total_used_budget_r,total_used_budget_w,total_calc_r,total_calc_w,used_budget_per_period_read[0],used_budget_per_period_read[1],used_budget_per_period_read[2],used_budget_per_period_read[3],used_budget_per_period_read[4],used_budget_per_period_read[5],used_budget_per_period_read[6],used_budget_per_period_read[7],used_budget_per_period_read[8],used_budget_per_period_read[9],used_budget_per_period_write[0],used_budget_per_period_write[1],used_budget_per_period_write[2],used_budget_per_period_write[3],used_budget_per_period_write[4],used_budget_per_period_write[5],used_budget_per_period_write[6],used_budget_per_period_write[7],used_budget_per_period_write[8],used_budget_per_period_write[9],calc_per_period_read[0],calc_per_period_read[1],calc_per_period_read[2],calc_per_period_read[3],calc_per_period_read[4],calc_per_period_read[5],calc_per_period_read[6],calc_per_period_read[7],calc_per_period_read[8],calc_per_period_read[9],calc_per_period_write[0],calc_per_period_write[1],calc_per_period_write[2],calc_per_period_write[3],calc_per_period_write[4],calc_per_period_write[5],calc_per_period_write[6],calc_per_period_write[7],calc_per_period_write[8],calc_per_period_write[9],
EWMA,13297437,7817157,9022288,5287644,1897089,1766525,1492153,1326420,1226177,1166537,1130423,1108570,1095654,1087889,1020420,1064754,894865,792212,730179,693240,670743,657237,649143,644364,379417,656838,823901,924404,984758,1021113,1042975,1056094,1064006,1068782,204084,376218,479947,542400,579955,602612,616238,624437,629378,632375,
SW,13122114,7766657,9035682,5350892,2151788,53660,699204,1183241,1506014,1506056,1505677,1505679,1505329,1505466,1273864,35736,412527,699505,890990,891067,890803,890845,890579,890741,2097578,1452311,968217,645368,645368,645368,645368,645368,645368,645368,1237685,861042,574042,382589,382589,382589,382589,382589,382589,382589,
AMBP,13106104,7759186,8833726,5229799,1505575,1849609,1540631,1355197,1243187,1176569,1136312,1112323,1097515,1089186,890826,1095037,912139,802481,736017,696573,672787,658614,649795,644917,301195,610877,796827,908501,975438,1015664,1039793,1054299,1062942,1068190,178245,361603,471710,537864,577494,601309,615604,624206,629323,632441,
AFC,12824809,7588160,8555959,5060685,944425,1962797,1608327,1395404,1267778,1191070,1145200,1117612,1100983,1091213,548765,1164184,953449,826951,751155,705520,678253,661832,651917,646134,188885,543667,756599,884360,961043,1007048,1034678,1051264,1061207,1067208,109753,320639,447201,523151,568751,596104,612533,622392,628297,631864,
(# scenario6 above)

budget_function,total_used_budget_r,total_used_budget_w,total_calc_r,total_calc_w,used_budget_per_period_read[0],used_budget_per_period_read[1],used_budget_per_period_read[2],used_budget_per_period_read[3],used_budget_per_period_read[4],used_budget_per_period_read[5],used_budget_per_period_read[6],used_budget_per_period_read[7],used_budget_per_period_read[8],used_budget_per_period_read[9],used_budget_per_period_write[0],used_budget_per_period_write[1],used_budget_per_period_write[2],used_budget_per_period_write[3],used_budget_per_period_write[4],used_budget_per_period_write[5],used_budget_per_period_write[6],used_budget_per_period_write[7],used_budget_per_period_write[8],used_budget_per_period_write[9],calc_per_period_read[0],calc_per_period_read[1],calc_per_period_read[2],calc_per_period_read[3],calc_per_period_read[4],calc_per_period_read[5],calc_per_period_read[6],calc_per_period_read[7],calc_per_period_read[8],calc_per_period_read[9],calc_per_period_write[0],calc_per_period_write[1],calc_per_period_write[2],calc_per_period_write[3],calc_per_period_write[4],calc_per_period_write[5],calc_per_period_write[6],calc_per_period_write[7],calc_per_period_write[8],calc_per_period_write[9],
EWMA,13294361,7815397,9020335,5286660,1896680,1766659,1491693,1326305,1226237,1165563,1129920,1108274,1095173,1087857,1020236,1065082,894680,792261,730194,692478,670429,656913,648722,644402,379336,656800,823778,924283,984673,1020851,1042664,1055786,1063663,1068501,204047,376254,479939,542403,579961,602464,616057,624228,629126,632181,
SW,13122878,7767169,9035800,5351536,2151737,53842,699250,1183213,1506218,1505687,1505995,1505828,1505375,1505733,1273761,35845,412697,699605,891062,890751,890995,890904,890719,890830,2097279,1452200,968276,645435,645435,645435,645435,645435,645435,645435,1237461,860962,574101,382716,382716,382716,382716,382716,382716,382716,
AMBP,13108540,7761011,8835427,5231015,1506658,1849550,1540990,1355235,1243192,1176808,1136457,1112318,1098051,1089281,891409,1095057,912475,802426,736070,696820,672886,658620,650190,645058,301411,611038,797028,908669,975573,1015820,1039947,1054421,1063147,1068373,178361,361700,471855,537969,577589,601435,615725,624304,629481,632596,
AFC,12825794,7589047,8556795,5061361,943832,1963287,1608810,1395591,1268165,1191316,1145095,1117685,1101019,1090994,548358,1164526,953852,827093,751359,705735,678196,661912,651945,646071,188766,543670,756698,884476,961213,1007233,1034805,1051381,1061308,1067245,109671,320642,447284,523245,568867,596240,612631,622487,628378,631916,
(# scenario7 above)

