VM,Task,Function Index,Task Name,Budget Function,used_budget_per_period_read[0],used_budget_per_period_read[1],used_budget_per_period_read[2],used_budget_per_period_read[3],used_budget_per_period_read[4],used_budget_per_period_read[5],used_budget_per_period_read[6],used_budget_per_period_read[7],used_budget_per_period_read[8],used_budget_per_period_read[9],used_budget_per_period_write[0],used_budget_per_period_write[1],used_budget_per_period_write[2],used_budget_per_period_write[3],used_budget_per_period_write[4],used_budget_per_period_write[5],used_budget_per_period_write[6],used_budget_per_period_write[7],used_budget_per_period_write[8],used_budget_per_period_write[9],total_used_budget_rw_per_index[0],total_used_budget_rw_per_index[1],total_used_budget_rw_per_index[2],total_used_budget_rw_per_index[3],total_used_budget_rw_per_index[4],total_used_budget_rw_per_index[5],total_used_budget_rw_per_index[6],total_used_budget_rw_per_index[7],total_used_budget_rw_per_index[8],total_used_budget_rw_per_index[9],total_used_budget_rw,calc_per_period_read[0],calc_per_period_read[1],calc_per_period_read[2],calc_per_period_read[3],calc_per_period_read[4],calc_per_period_read[5],calc_per_period_read[6],calc_per_period_read[7],calc_per_period_read[8],calc_per_period_read[9],calc_per_period_write[0],calc_per_period_write[1],calc_per_period_write[2],calc_per_period_write[3],calc_per_period_write[4],calc_per_period_write[5],calc_per_period_write[6],calc_per_period_write[7],calc_per_period_write[8],calc_per_period_write[9],total_calc_rw_per_index[0],total_calc_rw_per_index[1],total_calc_rw_per_index[2],total_calc_rw_per_index[3],total_calc_rw_per_index[4],total_calc_rw_per_index[5],total_calc_rw_per_index[6],total_calc_rw_per_index[7],total_calc_rw_per_index[8],total_calc_rw_per_index[9],total_calc_rw,clock_per_period[0],clock_per_period[1],clock_per_period[2],clock_per_period[3],clock_per_period[4],clock_per_period[5],clock_per_period[6],clock_per_period[7],clock_per_period[8],clock_per_period[9],total_clock
0,0,0,empty,EWMA,12,10,10,10,8,8,4,8,8,8,5,4,5,5,10,9,5,8,8,7,17,14,15,15,18,17,9,16,16,15,152,2,3,4,4,4,4,4,4,4,4,1,1,1,1,2,3,3,4,4,4,3,4,5,5,6,7,7,8,8,8,61,663,303,303,306,303,303,303,303,306,306,3399
1,0,2,subtract_ab,EWMA,13,10,9,9,8,8,8,8,8,8,5,8,8,8,7,7,6,7,7,7,18,18,17,17,15,15,14,15,15,15,159,2,3,4,4,4,4,4,4,4,4,1,2,3,3,3,3,3,3,3,3,3,5,7,7,7,7,7,7,7,7,64,367,306,306,306,306,306,306,306,306,306,3121
0,1,1,sum_ab,EWMA,4,6,6,6,10,9,9,8,8,8,4,7,7,7,9,8,8,7,7,7,8,13,13,13,19,17,17,15,15,15,145,4,3,3,3,4,5,5,5,5,5,4,2,2,2,3,4,4,4,4,4,8,5,5,5,7,9,9,9,9,9,75,307,324,304,301,304,301,304,304,304,304,3057
2,0,4,divide_ab,EWMA,14,11,10,10,9,8,8,8,8,8,5,8,8,8,6,7,6,7,7,6,19,19,18,18,15,15,14,15,15,14,162,2,3,4,4,5,5,5,5,5,5,1,2,3,3,3,3,3,3,3,3,3,5,7,7,8,8,8,8,8,8,70,500,311,311,311,311,311,311,311,311,311,3299
3,0,6,and_ab,EWMA,12,10,9,9,8,8,8,8,8,8,9,8,9,9,8,7,5,7,7,7,21,18,18,18,16,15,13,15,15,15,164,2,3,4,4,4,4,4,4,4,4,1,2,3,3,4,4,4,4,4,4,3,5,7,7,8,8,8,8,8,8,70,545,307,307,307,307,307,307,307,307,307,3308
1,1,3,multiply_ab,EWMA,12,12,10,9,9,9,8,8,8,7,9,9,8,7,7,7,6,6,6,7,21,21,18,16,16,16,14,14,14,14,164,2,2,3,4,4,4,4,4,4,4,1,1,2,3,3,3,3,3,3,3,3,3,5,7,7,7,7,7,7,7,60,306,333,306,306,306,306,306,306,306,306,3087
3,1,7,or_ab,EWMA,12,12,10,9,9,9,8,8,8,8,9,9,8,7,7,7,6,6,6,8,21,21,18,16,16,16,14,14,14,16,166,2,2,3,4,4,4,4,4,4,4,1,1,2,3,3,3,3,3,3,4,3,3,5,7,7,7,7,7,7,8,61,311,306,307,307,307,307,307,307,307,307,3073
0,0,8,xor_ab,EWMA,8,10,10,9,8,5,8,8,8,8,7,10,10,9,8,3,8,8,7,7,15,20,20,18,16,8,16,16,15,15,159,3,4,4,5,5,5,5,5,5,5,1,2,2,3,4,3,4,4,4,4,4,6,6,8,9,8,9,9,9,9,77,546,299,299,299,296,296,299,296,299,296,3225
1,0,10,shift_a_left_2,EWMA,8,7,7,9,8,6,8,8,8,8,8,7,7,8,7,5,7,7,7,7,16,14,14,17,15,11,15,15,15,15,147,3,3,3,4,4,4,4,4,4,4,1,2,2,3,3,3,3,3,3,3,4,5,5,7,7,7,7,7,7,7,63,541,303,303,303,303,303,303,303,303,303,3268
0,1,9,not_a,EWMA,9,9,11,9,9,8,8,5,5,5,7,7,10,9,9,8,8,3,4,4,16,16,21,18,18,16,16,8,9,9,147,1,1,3,4,4,4,4,4,4,4,1,1,2,3,3,4,4,3,3,3,2,2,5,7,7,8,8,7,7,7,60,302,326,299,299,299,299,296,296,299,299,3014
2,0,12,equals_ab,EWMA,13,10,9,9,8,8,8,8,8,8,5,8,9,9,6,6,6,6,6,6,18,18,18,18,14,14,14,14,14,14,156,2,3,4,4,4,4,4,4,4,4,1,2,3,3,3,3,3,3,3,3,3,5,7,7,7,7,7,7,7,7,64,666,312,309,309,309,312,312,309,309,312,3459
3,0,14,greater_than_ab,EWMA,13,10,9,9,8,8,8,8,8,8,5,8,9,9,8,7,5,7,7,7,18,18,18,18,16,15,13,15,15,15,161,2,3,4,4,4,4,4,4,4,4,1,2,3,3,4,4,4,4,4,4,3,5,7,7,8,8,8,8,8,8,70,507,312,312,312,309,312,312,312,312,309,3309
1,1,11,shift_b_right_1,EWMA,8,7,7,8,8,6,6,6,6,6,8,7,7,8,8,5,5,5,5,5,16,14,14,16,16,11,11,11,11,11,131,3,3,3,4,4,4,4,4,4,4,1,2,2,3,3,3,3,3,3,3,4,5,5,7,7,7,7,7,7,7,63,303,302,303,303,303,303,303,303,303,303,3029
3,1,15,less_than_ab,EWMA,12,12,10,9,9,9,9,8,8,8,9,9,8,7,7,7,7,6,6,6,21,21,18,16,16,16,16,14,14,14,166,2,2,3,4,4,4,4,4,4,4,1,1,2,3,3,3,3,3,3,3,3,3,5,7,7,7,7,7,7,7,60,312,331,308,308,311,311,311,311,308,311,3122
0,0,16,max_ab,EWMA,13,11,10,10,9,8,8,8,8,8,5,8,8,8,7,7,6,7,7,7,18,19,18,18,16,15,14,15,15,15,163,2,3,4,4,5,5,5,5,5,5,1,2,3,3,3,3,3,3,3,3,3,5,7,7,8,8,8,8,8,8,70,512,307,307,310,307,310,307,310,310,310,3290
1,0,18,logical_and,EWMA,11,11,11,10,9,8,9,9,9,9,9,9,9,8,7,6,7,7,7,7,20,20,20,18,16,14,16,16,16,16,172,3,4,4,5,5,5,5,5,5,5,1,2,2,3,3,3,3,3,3,3,4,6,6,8,8,8,8,8,8,8,72,511,310,310,310,310,310,310,310,310,310,3301
0,1,17,min_ab,EWMA,13,13,10,9,9,9,8,8,8,8,9,9,9,8,8,8,7,7,7,7,22,22,19,17,17,17,15,15,15,15,174,2,2,3,4,4,4,4,4,4,4,1,1,2,3,3,3,3,3,3,3,3,3,5,7,7,7,7,7,7,7,60,307,337,310,307,310,310,310,307,310,310,3118
2,0,20,logical_not_equal,EWMA,12,10,7,7,9,8,8,8,8,8,9,8,8,8,6,6,6,6,6,6,21,18,15,15,15,14,14,14,14,14,154,2,3,3,3,4,4,4,4,4,4,1,2,3,3,3,3,3,3,3,3,3,5,6,6,7,7,7,7,7,7,62,679,312,312,312,312,309,309,312,309,309,3475
3,0,22,decrement_b_100_times,EWMA,362,362,362,362,362,362,362,362,362,362,264,264,264,264,264,264,264,264,264,264,626,626,626,626,626,626,626,626,626,626,6260,72,72,72,72,72,72,72,72,72,72,52,52,52,52,52,52,52,52,52,52,124,124,124,124,124,124,124,124,124,124,1240,1271,1238,1893,1865,1860,1869,1864,1862,1860,1860,17442
1,1,19,logical_or,EWMA,15,15,11,10,10,8,8,9,9,9,5,5,8,7,7,7,7,6,6,6,20,20,19,17,17,15,15,15,15,15,168,3,3,4,5,5,5,5,5,5,5,1,1,2,3,3,3,3,3,3,3,4,4,6,8,8,8,8,8,8,8,70,329,337,310,310,310,310,310,310,310,310,3146
0,0,24,sum_1_to_100,EWMA,464,464,464,464,464,464,464,464,464,464,260,260,260,260,260,260,260,260,260,260,724,724,724,724,724,724,724,724,724,724,7240,92,92,92,92,92,92,92,92,92,92,52,52,52,52,52,52,52,52,52,52,144,144,144,144,144,144,144,144,144,144,1440,1210,1032,1715,1678,1675,1673,1676,1676,1676,1676,15687
1,0,26,popcount_a,EWMA,122,122,122,122,122,122,122,122,122,122,86,86,86,86,86,86,86,86,86,86,208,208,208,208,208,208,208,208,208,208,2080,24,24,24,24,24,24,24,24,24,24,17,17,17,17,17,17,17,17,17,17,41,41,41,41,41,41,41,41,41,41,410,681,434,1112,1077,1068,1077,1068,1070,1075,1070,9732
2,0,28,lcg_sequence,EWMA,121,121,102,87,78,71,71,66,21,69,92,92,76,65,58,60,60,48,9,57,213,213,178,152,136,131,131,114,30,126,1424,24,24,39,48,54,57,57,58,50,53,18,18,29,36,40,44,44,44,37,41,42,42,68,84,94,101,101,102,87,94,815,1019,739,1394,1352,1367,1350,1350,1350,1350,1373,12644
3,1,31,sum_of_squares_0_to_99,EWMA,470,376,376,319,286,286,266,254,254,247,265,213,213,180,162,162,150,143,143,139,735,589,589,499,448,448,416,397,397,386,4904,94,150,150,183,203,203,215,222,222,227,53,85,85,104,115,115,122,126,126,128,147,235,235,287,318,318,337,348,348,355,2928,1366,1386,1754,1704,1990,1990,1992,1994,1997,1988,18161
3,0,30,sum_of_squares_ab,EWMA,11,9,10,8,8,8,8,8,8,8,236,3,5,3,3,3,3,3,3,3,247,12,15,11,11,11,11,11,11,11,351,134,5,6,6,6,6,6,6,6,6,233,1,1,1,1,1,1,1,1,1,367,6,7,7,7,7,7,7,7,7,429,654,305,308,308,308,308,308,308,305,305,3417
0,0,32,repeated_square_mod,EWMA,95,95,95,95,95,95,95,95,95,95,75,75,75,75,75,75,75,75,75,75,170,170,170,170,170,170,170,170,170,170,1700,19,19,19,19,19,19,19,19,19,19,15,15,15,15,15,15,15,15,15,15,34,34,34,34,34,34,34,34,34,34,340,747,517,1154,1130,1133,1137,1133,1131,1135,1135,10352
1,0,34,fibonacci_20,EWMA,177,177,177,177,177,177,177,177,177,177,141,141,141,141,141,141,141,141,141,141,318,318,318,318,318,318,318,318,318,318,3180,35,35,35,35,35,35,35,35,35,35,28,28,28,28,28,28,28,28,28,28,63,63,63,63,63,63,63,63,63,63,630,643,586,1277,1227,1220,1234,1228,1197,1229,1194,11035
2,0,36,russian_peasant_mul,EWMA,125,125,98,84,82,32,32,81,31,80,87,87,73,66,51,9,9,54,11,55,212,212,171,150,133,41,41,135,42,135,1272,25,25,39,48,54,49,49,55,50,56,17,17,28,35,38,32,32,36,31,35,42,42,67,83,92,81,81,91,81,91,751,901,600,1222,1146,1107,1147,1137,1134,1153,1091,10638
3,0,38,sum_of_cubes_1_to_10,EWMA,120,120,120,92,33,33,33,78,78,26,74,74,74,59,10,10,10,52,52,7,194,194,194,151,43,43,43,130,130,33,1155,24,24,24,37,36,36,36,44,44,40,14,14,14,23,20,20,20,26,26,22,38,38,38,60,56,56,56,70,70,62,544,732,406,1108,1058,1076,1027,1024,1043,1043,1037,9554
3,1,39,xor_all_globals,EWMA,25,12,12,12,11,11,10,10,10,10,8,4,4,6,5,5,5,5,5,5,33,16,16,18,16,16,15,15,15,15,175,41,4,4,5,6,6,6,6,6,6,21,1,1,2,2,2,2,2,2,2,62,5,5,7,8,8,8,8,8,8,127,312,335,335,331,307,307,304,307,307,307,3152
0,0,40,complex_bitwise,EWMA,16,13,9,9,9,9,8,9,9,9,6,5,10,10,9,8,6,7,7,7,22,18,19,19,18,17,14,16,16,16,175,3,5,5,5,5,5,5,5,5,5,1,1,2,2,3,4,4,4,4,4,4,6,7,7,8,9,9,9,9,9,77,510,310,310,310,310,310,310,310,310,307,3297
1,0,42,mixed_arithmetic_masked,EWMA,16,13,11,10,10,10,10,10,10,8,6,10,9,8,7,7,7,7,7,11,22,23,20,18,17,17,17,17,17,19,187,3,5,6,6,6,6,6,6,6,6,1,2,3,4,4,4,4,4,4,5,4,7,9,10,10,10,10,10,10,11,91,645,315,315,315,315,315,315,315,315,315,3480
0,1,41,mixed_arithmetic_mod,EWMA,15,15,11,10,10,10,9,9,9,9,5,5,8,7,7,7,6,6,6,6,20,20,19,17,17,17,15,15,15,15,170,3,3,4,5,5,5,5,5,5,5,1,1,2,3,3,3,3,3,3,3,4,4,6,8,8,8,8,8,8,8,70,326,309,310,307,307,310,310,307,310,310,3106
2,0,44,abs_a_bitwise,EWMA,15,12,12,12,10,9,9,9,9,9,13,11,12,12,9,8,8,8,8,8,28,23,24,24,19,17,17,17,17,17,203,3,4,5,5,6,6,6,6,6,6,2,3,4,4,5,5,5,5,5,5,5,7,9,9,11,11,11,11,11,11,96,795,313,316,316,313,313,313,313,316,316,3624
1,1,43,swap_ab_and_sum,EWMA,21,17,17,15,14,14,14,10,10,10,16,13,13,11,10,10,10,10,10,10,37,30,30,26,24,24,24,20,20,20,255,4,6,6,7,8,8,8,8,8,8,3,5,5,6,6,6,6,6,6,6,7,11,11,13,14,14,14,14,14,14,126,318,351,318,318,318,318,318,318,318,318,3213
3,1,47,parity_a,EWMA,126,102,102,80,74,74,74,74,74,74,87,72,72,58,46,46,46,46,46,46,213,174,174,138,120,120,120,120,120,120,1419,25,40,40,48,53,53,53,53,53,53,17,28,28,34,36,36,36,36,36,36,42,68,68,82,89,89,89,89,89,89,794,475,498,1172,1124,1088,1101,1095,1089,1091,1091,9824
3,0,46,count_bits_in_b,EWMA,89,89,89,27,25,25,25,25,25,26,68,68,68,12,13,13,13,13,13,19,157,157,157,39,38,38,38,38,38,45,745,17,17,17,19,20,20,20,20,20,21,13,13,13,12,12,12,12,12,12,13,30,30,30,31,32,32,32,32,32,34,315,726,394,1055,1029,1001,997,1001,998,1002,1002,9205
0,1,49,simple_parity_a,EWMA,145,115,115,95,83,83,83,81,81,34,91,73,73,63,59,59,53,44,44,6,236,188,188,158,142,142,136,125,125,40,1480,29,46,46,55,60,60,64,67,67,60,18,29,29,35,39,39,41,41,41,34,47,75,75,90,99,99,105,108,108,94,900,501,483,1133,1091,1101,1093,1098,1083,1096,1073,9752
1,0,50,count_ones_in_a,EWMA,119,119,119,119,119,119,119,119,119,119,82,82,82,82,82,82,82,82,82,82,201,201,201,201,201,201,201,201,201,201,2010,23,23,23,23,23,23,23,23,23,23,16,16,16,16,16,16,16,16,16,16,39,39,39,39,39,39,39,39,39,39,390,668,426,1108,1069,1059,1061,1068,1059,1059,1059,9636
0,0,48,shift_mix_ab,EWMA,10,8,7,7,7,7,7,7,7,7,7,6,8,4,4,4,4,4,4,7,17,14,15,11,11,11,11,11,11,14,126,2,3,3,3,3,3,3,3,3,3,1,2,3,3,3,3,3,3,3,3,3,5,6,6,6,6,6,6,6,6,56,520,298,301,301,301,298,298,301,301,301,3220
2,0,52,selection_sort,EWMA,53711,53711,42939,36520,32616,30291,30291,28860,28123,27602,10824,10824,8640,7376,6553,6080,6080,5787,5691,5561,64535,64535,51579,43896,39169,36371,36371,34647,33814,33163,438080,10742,10742,17181,21048,23361,24747,24747,25569,26079,26383,2164,2164,3459,4242,4704,4979,4979,5140,5250,5312,12906,12906,20640,25290,28065,29726,29726,30709,31329,31695,252992,85176,83543,83727,83093,82847,82784,82935,83929,82653,82810,833497
3,0,54,insertion_sort,EWMA,21973,21973,21973,21973,21973,21973,21973,21973,21973,21973,5794,5794,5794,5794,5794,5794,5794,5794,5794,5794,27767,27767,27767,27767,27767,27767,27767,27767,27767,27767,277670,4394,4394,4394,4394,4394,4394,4394,4394,4394,4394,1158,1158,1158,1158,1158,1158,1158,1158,1158,1158,5552,5552,5552,5552,5552,5552,5552,5552,5552,5552,55520,43886,42470,43068,42777,42687,42751,42715,42690,42708,42690,428442
0,0,0,empty,SW,12,12,1,5,2,9,9,9,9,5,11,11,3,4,2,8,8,8,8,5,23,23,4,9,4,17,17,17,17,10,141,11,11,7,6,3,3,3,3,3,3,8,8,7,6,3,3,3,3,3,3,19,19,14,12,6,6,6,6,6,6,100,504,303,303,306,306,306,306,303,303,303,3243
1,0,2,subtract_ab,SW,12,12,12,12,12,12,12,12,12,12,10,10,1,3,4,7,7,7,7,6,22,22,13,15,16,19,19,19,19,18,182,12,12,12,12,12,12,12,12,12,12,9,9,7,5,3,3,3,3,3,3,21,21,19,17,15,15,15,15,15,15,168,594,306,306,306,306,306,306,306,306,306,3348
0,1,1,sum_ab,SW,8,9,9,9,4,6,6,7,7,7,7,8,8,8,3,5,5,6,6,6,15,17,17,17,7,11,11,13,13,13,134,4,9,9,9,7,6,6,6,6,6,4,8,8,8,6,5,5,5,5,5,8,17,17,17,13,11,11,11,11,11,127,304,327,304,301,304,304,301,304,304,304,3057
2,0,4,divide_ab,SW,13,13,13,13,13,13,13,13,13,13,10,10,1,3,4,7,7,6,7,6,23,23,14,16,17,20,20,19,20,19,191,13,13,13,13,13,13,13,13,13,13,8,8,7,5,3,3,3,3,3,3,21,21,20,18,16,16,16,16,16,16,176,609,311,311,311,311,311,311,311,311,311,3408
3,0,6,and_ab,SW,12,12,12,12,12,12,12,12,12,12,11,11,1,4,4,8,8,8,8,6,23,23,13,16,16,20,20,20,20,18,189,12,12,12,12,12,12,12,12,12,12,10,10,7,5,3,3,3,3,3,3,22,22,19,17,15,15,15,15,15,15,170,614,307,307,307,307,307,307,307,307,307,3377
1,1,3,multiply_ab,SW,12,12,12,12,12,12,12,12,12,12,6,9,1,1,3,5,5,7,7,7,18,21,13,13,15,17,17,19,19,19,171,12,12,12,12,12,12,12,12,12,12,4,9,6,6,4,3,3,3,3,3,16,21,18,18,16,15,15,15,15,15,164,306,333,306,306,306,306,306,306,306,306,3087
3,1,7,or_ab,SW,12,12,12,12,12,12,12,12,12,12,7,9,2,2,2,5,5,8,8,8,19,21,14,14,14,17,17,20,20,20,176,12,12,12,12,12,12,12,12,12,12,4,9,7,7,4,3,3,3,3,3,16,21,19,19,16,15,15,15,15,15,166,311,306,307,307,307,307,307,307,307,307,3073
0,0,8,xor_ab,SW,14,14,1,4,4,10,10,10,10,7,6,6,6,6,2,6,6,6,6,2,20,20,7,10,6,16,16,16,16,9,136,12,12,9,6,3,3,3,3,3,3,5,5,5,5,5,5,5,5,5,5,17,17,14,11,8,8,8,8,8,8,107,509,296,296,299,299,296,296,296,299,296,3182
1,0,10,shift_a_left_2,SW,12,12,1,4,4,9,9,9,9,7,10,10,1,4,3,7,7,7,7,5,22,22,2,8,7,16,16,16,16,12,137,11,11,8,6,3,3,3,3,3,3,9,9,6,5,3,3,3,3,3,3,20,20,14,11,6,6,6,6,6,6,101,487,303,303,303,303,303,303,303,303,303,3214
0,1,9,not_a,SW,8,12,1,1,1,4,4,10,10,10,8,11,2,2,2,2,2,3,6,6,16,23,3,3,3,6,6,13,16,16,105,5,11,8,8,5,2,2,2,2,2,3,9,8,8,8,8,8,5,4,4,8,20,16,16,13,10,10,7,6,6,112,302,326,299,299,296,299,296,296,299,299,3011
2,0,12,equals_ab,SW,12,12,12,12,12,12,12,12,12,12,11,11,1,2,4,7,7,7,7,7,23,23,13,14,16,19,19,19,19,19,184,12,12,12,12,12,12,12,12,12,12,8,8,7,5,2,2,2,2,2,2,20,20,19,17,14,14,14,14,14,14,160,848,312,312,312,312,312,309,312,309,312,3650
3,0,14,greater_than_ab,SW,12,12,12,12,12,12,12,12,12,12,11,11,3,3,3,8,8,8,8,6,23,23,15,15,15,20,20,20,20,18,189,12,12,12,12,12,12,12,12,12,12,8,8,8,6,3,3,3,3,3,3,20,20,20,18,15,15,15,15,15,15,168,511,312,312,312,312,312,312,312,312,312,3319
1,1,11,shift_b_right_1,SW,6,10,1,1,3,5,5,7,7,7,4,8,2,2,2,4,4,5,5,5,10,18,3,3,5,9,9,12,12,12,93,4,10,7,7,5,3,3,3,3,3,4,8,6,6,4,3,3,3,3,3,8,18,13,13,9,6,6,6,6,6,91,303,302,303,303,303,303,303,303,303,303,3029
3,1,15,less_than_ab,SW,12,12,12,12,12,12,12,12,12,12,6,9,2,2,2,5,5,6,6,6,18,21,14,14,14,17,17,18,18,18,169,12,12,12,12,12,12,12,12,12,12,5,9,7,7,4,3,3,3,3,3,17,21,19,19,16,15,15,15,15,15,167,312,334,311,308,308,311,311,308,311,311,3125
0,0,16,max_ab,SW,13,13,13,13,13,13,13,13,13,13,10,10,1,2,6,6,6,6,7,6,23,23,14,15,19,19,19,19,20,19,190,13,13,13,13,13,13,13,13,13,13,8,8,7,4,3,3,3,3,3,3,21,21,20,17,16,16,16,16,16,16,175,506,310,307,310,310,307,310,310,310,310,3290
1,0,18,logical_and,SW,14,14,14,14,14,14,14,14,14,14,10,10,2,3,4,7,7,7,7,6,24,24,16,17,18,21,21,21,21,20,203,14,14,14,14,14,14,14,14,14,14,8,8,7,5,3,3,3,3,3,3,22,22,21,19,17,17,17,17,17,17,186,661,310,310,310,310,310,310,310,310,310,3451
0,1,17,min_ab,SW,13,13,13,13,13,13,13,13,13,13,9,9,9,1,1,4,5,5,7,7,22,22,22,14,14,17,18,18,20,20,187,13,13,13,13,13,13,13,13,13,13,9,9,9,6,6,5,3,3,3,3,22,22,22,19,19,18,16,16,16,16,186,304,334,310,307,310,310,310,310,310,307,3112
2,0,20,logical_not_equal,SW,10,10,1,4,7,8,8,8,8,8,10,10,10,10,10,10,10,10,10,10,20,20,11,14,17,18,18,18,18,18,172,11,11,8,5,4,4,4,4,4,4,9,9,9,9,9,9,9,9,9,9,20,20,17,14,13,13,13,13,13,13,149,502,312,312,312,309,309,312,309,309,312,3298
1,1,19,logical_or,SW,14,14,14,14,14,14,14,14,14,14,6,9,2,2,2,5,5,6,6,6,20,23,16,16,16,19,19,20,20,20,189,14,14,14,14,14,14,14,14,14,14,4,8,7,7,4,3,3,3,3,3,18,22,21,21,18,17,17,17,17,17,185,329,337,310,310,310,310,310,310,310,310,3146
2,0,28,lcg_sequence,SW,125,125,125,125,125,125,125,125,125,125,95,95,95,95,95,95,95,95,95,95,220,220,220,220,220,220,220,220,220,220,2200,123,123,123,123,123,123,123,123,123,123,93,93,93,93,93,93,93,93,93,93,216,216,216,216,216,216,216,216,216,216,2160,1015,739,1424,1382,1382,1382,1350,1351,1367,1350,12742
3,0,30,sum_of_squares_ab,SW,15,15,15,15,15,15,15,15,15,15,6,6,3,6,4,6,6,4,6,4,21,21,18,21,19,21,21,19,21,19,201,14,14,14,14,14,14,14,14,14,14,5,5,4,4,4,4,4,4,4,4,19,19,18,18,18,18,18,18,18,18,182,516,305,305,305,308,305,305,305,308,308,3270
3,1,31,sum_of_squares_0_to_99,SW,469,469,469,469,469,469,469,469,469,469,265,265,265,265,265,265,265,265,265,265,734,734,734,734,734,734,734,734,734,734,7340,469,469,469,469,469,469,469,469,469,469,265,265,265,265,265,265,265,265,265,265,734,734,734,734,734,734,734,734,734,734,7340,1363,1386,2053,1707,1988,1989,1993,1989,1992,1991,18451
2,0,36,russian_peasant_mul,SW,124,124,124,124,124,124,124,124,124,124,91,91,91,91,91,91,91,91,91,91,215,215,215,215,215,215,215,215,215,215,2150,126,126,126,126,126,126,126,126,126,126,90,90,90,90,90,90,90,90,90,90,216,216,216,216,216,216,216,216,216,216,2160,943,601,1277,1153,1111,1115,1110,1115,1046,1063,10534
3,0,38,sum_of_cubes_1_to_10,SW,121,121,121,121,121,121,121,121,121,121,79,79,79,79,79,79,79,79,79,79,200,200,200,200,200,200,200,200,200,200,2000,122,122,122,122,122,122,122,122,122,122,77,77,77,77,77,77,77,77,77,77,199,199,199,199,199,199,199,199,199,199,1990,594,403,1109,1059,1084,1042,1032,1061,1034,1036,9454
3,1,39,xor_all_globals,SW,121,11,11,11,11,11,1,3,3,7,79,8,8,8,8,8,2,2,2,6,200,19,19,19,19,19,3,5,5,13,321,122,11,11,11,11,11,8,5,5,4,77,8,8,8,8,8,6,4,4,3,199,19,19,19,19,19,14,9,9,7,333,315,330,330,327,303,303,303,306,306,303,3126
0,0,40,complex_bitwise,SW,14,14,14,14,14,14,14,14,14,14,11,11,2,4,5,6,6,6,7,6,25,25,16,18,19,20,20,20,21,20,204,15,15,15,15,15,15,15,15,15,15,8,8,6,6,4,4,4,4,4,4,23,23,21,21,19,19,19,19,19,19,202,830,310,310,310,307,310,307,310,307,310,3611
1,0,42,mixed_arithmetic_masked,SW,16,16,16,16,16,16,16,16,16,16,11,11,2,3,6,7,7,7,7,7,27,27,18,19,22,23,23,23,23,23,228,16,16,16,16,16,16,16,16,16,16,9,9,8,5,4,4,4,4,4,4,25,25,24,21,20,20,20,20,20,20,215,510,315,315,315,315,315,315,315,315,315,3345
0,1,41,mixed_arithmetic_mod,SW,14,14,14,14,14,14,14,14,14,14,9,9,9,3,3,2,4,4,6,6,23,23,23,17,17,16,18,18,20,20,195,14,14,14,14,14,14,14,14,14,14,8,8,8,7,7,5,3,3,3,3,22,22,22,21,21,19,17,17,17,17,195,313,306,310,307,307,307,307,307,310,307,3081
2,0,44,abs_a_bitwise,SW,60,60,60,60,60,60,60,60,60,60,61,61,61,61,61,61,61,61,61,61,121,121,121,121,121,121,121,121,121,121,1210,30,30,30,30,30,30,30,30,30,30,29,29,29,29,29,29,29,29,29,29,59,59,59,59,59,59,59,59,59,59,590,669,316,316,316,316,316,313,313,313,313,3501
1,1,43,swap_ab_and_sum,SW,16,21,21,21,21,21,21,21,21,21,8,16,16,16,16,16,16,16,16,16,24,37,37,37,37,37,37,37,37,37,357,16,21,21,21,21,21,21,21,21,21,7,16,16,16,16,16,16,16,16,16,23,37,37,37,37,37,37,37,37,37,356,318,351,318,318,318,318,318,318,318,318,3213
0,0,48,shift_mix_ab,SW,10,10,10,10,10,10,10,10,10,10,10,10,10,3,3,3,3,2,7,4,20,20,20,13,13,13,13,12,17,14,155,10,10,10,10,10,10,10,10,10,10,7,7,7,7,7,5,5,3,3,3,17,17,17,17,17,15,15,13,13,13,154,522,298,301,301,301,301,298,298,301,301,3222
0,1,49,simple_parity_a,SW,145,145,145,145,145,145,145,145,145,145,91,91,91,91,91,91,91,91,91,91,236,236,236,236,236,236,236,236,236,236,2360,148,148,148,148,148,148,148,148,148,148,92,92,92,92,92,92,92,92,92,92,240,240,240,240,240,240,240,240,240,240,2400,500,486,1157,1101,1106,1103,1070,1076,1074,1112,9785
2,0,52,selection_sort,SW,53708,53708,53708,53708,53708,53708,53708,53708,53708,53708,10829,10829,10829,10829,10829,10829,10829,10829,10829,10829,64537,64537,64537,64537,64537,64537,64537,64537,64537,64537,645370,53691,53691,53691,53691,53691,53691,53691,53691,53691,53691,10807,10807,10807,10807,10807,10807,10807,10807,10807,10807,64498,64498,64498,64498,64498,64498,64498,64498,64498,64498,644980,85092,83596,83686,83058,82731,82818,82417,83914,82519,82589,832420
3,0,22,decrement_b_100_times,AMBP,362,362,362,362,362,362,362,362,362,362,264,264,264,264,264,264,264,264,264,264,626,626,626,626,626,626,626,626,626,626,6260,152,152,152,152,152,152,152,152,152,152,132,132,132,132,132,132,132,132,132,132,284,284,284,284,284,284,284,284,284,284,2840,1373,1238,1886,1862,1860,1863,1860,1860,1860,1860,17522
0,0,24,sum_1_to_100,AMBP,464,464,464,464,464,464,464,464,464,464,260,260,260,260,260,260,260,260,260,260,724,724,724,724,724,724,724,724,724,724,7240,172,172,172,172,172,172,172,172,172,172,132,132,132,132,132,132,132,132,132,132,304,304,304,304,304,304,304,304,304,304,3040,1210,1032,1718,1675,1678,1675,1673,1673,1676,1673,15683
1,1,27,sum_mod7_0_to_999,AMBP,4061,3169,3169,2715,2440,2440,2276,2178,2178,2120,2054,1564,1564,1350,1221,1221,1144,1098,1098,1072,6115,4733,4733,4065,3661,3661,3420,3276,3276,3192,40132,892,1347,1347,1620,1784,1784,1882,1941,1941,1976,490,704,704,833,910,910,956,984,984,1001,1382,2051,2051,2453,2694,2694,2838,2925,2925,2977,24990,12332,12355,13006,12964,13092,13096,12964,12964,12964,12965,128702
2,0,28,lcg_sequence,AMBP,120,120,120,120,120,120,120,120,120,120,89,89,89,89,89,89,89,89,89,89,209,209,209,209,209,209,209,209,209,209,2090,104,104,104,104,104,104,104,104,104,104,9945,9945,9945,9945,9945,9945,9945,9945,9945,9945,10049,10049,10049,10049,10049,10049,10049,10049,10049,10049,100490,1040,739,1394,1352,1367,1350,1367,1348,1353,1353,12663
1,0,26,popcount_a,AMBP,122,122,122,122,122,122,122,122,122,122,2033,86,86,86,86,86,86,86,86,86,2155,208,208,208,208,208,208,208,208,208,4027,1029,104,104,104,104,104,104,104,104,104,2029,9930,9930,9930,9930,9930,9930,9930,9930,9930,3058,10034,10034,10034,10034,10034,10034,10034,10034,10034,93364,694,434,1116,1068,1075,1078,1083,1087,1086,1069,9790
3,1,31,sum_of_squares_0_to_99,AMBP,469,296,296,272,257,257,248,243,243,240,265,132,132,132,132,132,132,132,132,132,734,428,428,404,389,389,380,375,375,372,4274,173,197,197,212,221,221,226,229,229,231,133,13295,13295,13295,13295,13295,13295,13295,13295,13295,306,13492,13492,13507,13516,13516,13521,13524,13524,13526,121924,1363,1386,1748,1992,1991,1991,1988,1988,1988,1988,18423
1,0,34,fibonacci_20,AMBP,177,177,14,18,13,18,18,18,18,18,141,141,141,141,141,141,141,141,141,141,318,318,155,159,154,159,159,159,159,159,1899,115,115,115,115,115,115,115,115,115,115,108,108,10995,11015,10990,11015,11015,11015,11015,11015,223,223,11110,11130,11105,11130,11130,11130,11130,11130,89441,751,586,1249,1215,1254,1193,1193,1193,1193,1193,11020
2,0,36,russian_peasant_mul,AMBP,126,126,126,126,126,126,126,126,126,126,87,87,87,87,87,87,87,87,87,87,213,213,213,213,213,213,213,213,213,213,2130,105,105,105,105,105,105,105,105,105,105,9935,9935,9935,9935,9935,9935,9935,9935,9935,9935,10040,10040,10040,10040,10040,10040,10040,10040,10040,10040,100400,926,574,1183,1161,1118,1122,1148,1091,1063,1065,10451
3,0,38,sum_of_cubes_1_to_10,AMBP,120,120,120,120,120,120,120,120,120,120,74,74,74,74,74,74,74,74,74,74,194,194,194,194,194,194,194,194,194,194,1940,104,104,104,104,104,104,104,104,104,104,9870,9870,9870,9870,9870,9870,9870,9870,9870,9870,9974,9974,9974,9974,9974,9974,9974,9974,9974,9974,99740,728,403,1091,1056,1045,1075,1024,1027,1048,1021,9518
0,1,49,simple_parity_a,AMBP,146,146,146,146,146,146,146,146,146,146,88,88,88,88,88,88,88,88,88,88,234,234,234,234,234,234,234,234,234,234,2340,109,109,109,109,109,109,109,109,109,109,9940,9940,9940,9940,9940,9940,9940,9940,9940,9940,10049,10049,10049,10049,10049,10049,10049,10049,10049,10049,100490,500,483,1155,1106,1104,1101,1101,1074,1109,1073,9806
1,1,51,bubble_sort,AMBP,78894,63044,63044,53599,47957,47957,44511,42485,42485,41258,17041,13561,13561,11529,10334,10334,9583,9160,9160,8900,95935,76605,76605,65128,58291,58291,54094,51645,51645,50158,638397,15858,25295,25295,30955,34355,34355,36386,37605,37605,38335,3488,5502,5502,6707,7432,7432,7862,8121,8121,8276,19346,30797,30797,37662,41787,41787,44248,45726,45726,46611,384487,137901,134091,133186,132071,131884,132699,131288,131155,131121,132165,1327561
2,0,52,selection_sort,AMBP,53666,53666,42861,36457,32582,30305,30305,28881,28110,27570,10777,10777,8558,7302,6521,6078,6078,5787,5653,5526,64443,64443,51419,43759,39103,36383,36383,34668,33763,33096,437460,10813,10813,17222,21069,23371,24757,24757,25581,26086,26382,2235,2235,3499,4259,4711,4984,4984,5144,5245,5301,13048,13048,20721,25328,28082,29741,29741,30725,31331,31683,253448,84833,84050,83626,83359,82493,82716,82694,83895,82723,82605,832994
3,0,54,insertion_sort,AMBP,21971,21971,21971,21971,21971,21971,21971,21971,21971,21971,5792,5792,5792,5792,5792,5792,5792,5792,5792,5792,27763,27763,27763,27763,27763,27763,27763,27763,27763,27763,277630,4474,4474,4474,4474,4474,4474,4474,4474,4474,4474,1238,1238,1238,1238,1238,1238,1238,1238,1238,1238,5712,5712,5712,5712,5712,5712,5712,5712,5712,5712,57120,44035,42593,43141,42871,42717,42766,42708,42766,42728,42766,429091
1,0,50,count_ones_in_a,AMBP,119,119,119,119,119,119,119,119,119,119,39421,82,82,82,82,82,82,82,82,82,39540,201,201,201,201,201,201,201,201,201,41349,8506,103,103,103,103,103,103,103,103,103,39375,9910,9910,9910,9910,9910,9910,9910,9910,9910,47881,10013,10013,10013,10013,10013,10013,10013,10013,10013,137998,675,426,1109,1085,1062,1061,1061,1068,1066,1069,9682
0,0,0,empty,AFC,12,10,10,10,8,8,4,8,8,8,5,4,5,5,10,9,5,8,8,7,17,14,15,15,18,17,9,16,16,15,152,2,3,4,4,4,4,4,4,4,4,1,1,1,1,2,3,3,4,4,4,3,4,5,5,6,7,7,8,8,8,61,505,303,303,303,306,306,306,306,306,306,3250
1,0,2,subtract_ab,AFC,13,10,9,9,8,8,8,8,8,8,5,8,8,8,7,7,6,7,7,7,18,18,17,17,15,15,14,15,15,15,159,2,3,4,4,4,4,4,4,4,4,1,2,3,3,3,3,3,3,3,3,3,5,7,7,7,7,7,7,7,7,64,619,306,306,306,306,306,306,306,306,306,3373
0,1,1,sum_ab,AFC,4,6,6,6,10,9,9,8,8,8,4,7,7,7,9,8,8,7,7,7,8,13,13,13,19,17,17,15,15,15,145,4,3,3,3,4,5,5,5,5,5,4,2,2,2,3,4,4,4,4,4,8,5,5,5,7,9,9,9,9,9,75,307,327,304,304,304,301,304,301,301,304,3057
2,0,4,divide_ab,AFC,14,11,10,10,9,8,8,8,8,8,5,8,8,8,6,7,6,7,7,6,19,19,18,18,15,15,14,15,15,14,162,2,3,4,4,5,5,5,5,5,5,1,2,3,3,3,3,3,3,3,3,3,5,7,7,8,8,8,8,8,8,70,701,311,311,311,311,311,311,311,311,311,3500
3,0,6,and_ab,AFC,12,10,9,9,8,8,8,8,8,8,9,8,9,9,8,7,5,7,7,7,21,18,18,18,16,15,13,15,15,15,164,2,3,4,4,4,4,4,4,4,4,1,2,3,3,4,4,4,4,4,4,3,5,7,7,8,8,8,8,8,8,70,528,307,307,307,307,307,307,307,307,307,3291
1,1,3,multiply_ab,AFC,12,12,10,9,9,9,8,8,8,7,9,9,8,7,7,7,6,6,6,7,21,21,18,16,16,16,14,14,14,14,164,2,2,3,4,4,4,4,4,4,4,1,1,2,3,3,3,3,3,3,3,3,3,5,7,7,7,7,7,7,7,60,306,333,306,306,306,306,306,306,306,306,3087
3,1,7,or_ab,AFC,12,12,10,9,9,9,9,8,8,8,9,9,8,7,7,7,7,8,7,7,21,21,18,16,16,16,16,16,15,15,170,2,2,3,4,4,4,4,4,4,4,1,1,2,3,3,3,3,4,4,4,3,3,5,7,7,7,7,8,8,8,63,311,306,307,307,307,307,307,307,307,307,3073
0,0,8,xor_ab,AFC,8,10,10,9,8,5,8,8,8,8,7,10,10,9,8,3,3,3,3,3,15,20,20,18,16,8,11,11,11,11,141,3,4,4,5,5,5,5,5,5,5,1,2,2,3,4,429496733,429496733,429496733,429496733,429496733,4,6,6,8,9,429496738,429496738,429496738,429496738,429496738,-2147483573,509,296,299,299,299,299,299,299,299,299,3197
1,0,10,shift_a_left_2,AFC,10,8,9,9,8,8,6,8,8,8,8,7,8,8,7,7,5,7,7,7,18,15,17,17,15,15,11,15,15,15,153,2,3,4,4,4,4,4,4,4,4,1,2,3,3,3,3,3,3,3,3,3,5,7,7,7,7,7,7,7,7,64,642,303,303,303,303,303,303,303,303,303,3369
0,1,9,not_a,AFC,9,9,11,9,9,8,8,8,8,8,7,7,10,9,9,8,8,7,7,7,16,16,21,18,18,16,16,15,15,15,166,1,1,3,4,4,4,4,4,4,4,1,1,2,3,3,4,4,4,4,4,2,2,5,7,7,8,8,8,8,8,63,302,326,296,296,296,296,296,299,299,299,3005
2,0,12,equals_ab,AFC,13,10,9,9,8,8,8,8,8,8,5,8,9,9,6,6,6,6,6,6,18,18,18,18,14,14,14,14,14,14,156,2,3,4,4,4,4,4,4,4,4,1,2,3,3,3,3,3,3,3,3,3,5,7,7,7,7,7,7,7,7,64,653,309,312,312,312,309,312,309,309,312,3449
3,0,14,greater_than_ab,AFC,13,10,9,9,8,8,8,8,8,8,5,8,9,9,8,7,5,7,7,7,18,18,18,18,16,15,13,15,15,15,161,2,3,4,4,4,4,4,4,4,4,1,2,3,3,4,4,4,4,4,4,3,5,7,7,8,8,8,8,8,8,70,505,312,312,312,309,312,312,312,309,309,3304
1,1,11,shift_b_right_1,AFC,10,10,8,7,7,7,7,7,7,7,8,8,7,6,6,6,6,6,6,6,18,18,15,13,13,13,13,13,13,13,142,2,2,3,3,3,3,3,3,3,3,1,1,2,2,2,2,2,2,2,2,3,3,5,5,5,5,5,5,5,5,46,303,302,303,303,303,303,303,303,303,303,3029
3,1,15,less_than_ab,AFC,12,12,10,9,9,9,8,8,8,8,9,9,8,7,7,7,6,6,6,6,21,21,18,16,16,16,14,14,14,14,164,2,2,3,4,4,4,4,4,4,4,1,1,2,3,3,3,3,3,3,3,3,3,5,7,7,7,7,7,7,7,60,315,334,308,311,311,308,311,311,308,311,3128
0,0,16,max_ab,AFC,13,11,10,10,9,8,8,8,8,8,5,8,8,8,7,7,6,7,7,7,18,19,18,18,16,15,14,15,15,15,163,2,3,4,4,5,5,5,5,5,5,1,2,3,3,3,3,3,3,3,3,3,5,7,7,8,8,8,8,8,8,70,570,307,307,310,310,310,310,310,310,310,3354
1,0,18,logical_and,AFC,11,11,11,10,9,8,9,9,9,9,9,9,9,8,7,6,7,7,7,7,20,20,20,18,16,14,16,16,16,16,172,3,4,4,5,5,5,5,5,5,5,1,2,2,3,3,3,3,3,3,3,4,6,6,8,8,8,8,8,8,8,72,624,313,310,310,310,310,310,310,310,310,3417
0,1,17,min_ab,AFC,13,13,10,9,9,9,9,8,8,7,9,9,9,8,8,8,6,6,6,7,22,22,19,17,17,17,15,14,14,14,171,2,2,3,4,4,4,5,5,5,5,1,1,2,3,3,3,3,3,3,3,3,3,5,7,7,7,8,8,8,8,64,307,334,307,310,307,310,310,307,307,310,3109
2,0,20,logical_not_equal,AFC,12,10,7,7,9,8,8,8,8,8,9,8,8,8,6,6,6,6,6,6,21,18,15,15,15,14,14,14,14,14,154,2,3,3,3,4,4,4,4,4,4,1,2,3,3,3,3,3,3,3,3,3,5,6,6,7,7,7,7,7,7,62,808,312,312,309,312,312,309,309,312,309,3604
3,0,22,decrement_b_100_times,AFC,362,362,362,362,362,362,362,362,362,362,264,264,264,264,264,264,264,264,264,264,626,626,626,626,626,626,626,626,626,626,6260,72,72,72,72,72,72,72,72,72,72,52,52,52,52,52,52,52,52,52,52,124,124,124,124,124,124,124,124,124,124,1240,1373,1238,1893,1869,1863,1866,1863,1860,1860,1860,17545
1,1,19,logical_or,AFC,14,14,12,10,10,8,8,9,9,9,9,9,8,7,7,7,7,6,6,6,23,23,20,17,17,15,15,15,15,15,175,2,2,4,5,5,5,5,5,5,5,1,1,2,3,3,3,3,3,3,3,3,3,6,8,8,8,8,8,8,8,68,329,337,310,310,310,310,310,310,310,310,3146
0,0,24,sum_1_to_100,AFC,464,464,464,464,464,464,464,464,464,464,260,260,260,260,260,260,260,260,260,260,724,724,724,724,724,724,724,724,724,724,7240,92,92,92,92,92,92,92,92,92,92,52,52,52,52,52,52,52,52,52,52,144,144,144,144,144,144,144,144,144,144,1440,1210,1032,1718,1676,1678,1675,1675,1678,1675,1678,15695
1,0,26,popcount_a,AFC,122,122,122,122,122,122,122,122,122,122,86,86,86,86,86,86,86,86,86,86,208,208,208,208,208,208,208,208,208,208,2080,24,24,24,24,24,24,24,24,24,24,17,17,17,17,17,17,17,17,17,17,41,41,41,41,41,41,41,41,41,41,410,844,434,1119,1092,1085,1070,1085,1068,1068,1068,9933
2,0,28,lcg_sequence,AFC,119,119,102,88,74,65,65,69,66,21,89,89,77,67,58,60,60,56,46,7,208,208,179,155,132,125,125,125,112,28,1397,23,23,38,48,53,55,55,57,58,429496780,17,17,29,36,40,44,44,46,46,429496767,40,40,67,84,93,99,99,103,104,858993547,858994276,1022,739,1428,1382,1366,1370,1354,1350,1353,1356,12720
3,1,31,sum_of_squares_0_to_99,AFC,470,376,376,319,286,286,266,254,254,247,265,213,213,180,162,162,150,144,144,139,735,589,589,499,448,448,416,398,398,386,4906,94,150,150,183,203,203,215,222,222,227,53,85,85,104,115,115,122,126,126,128,147,235,235,287,318,318,337,348,348,355,2928,1366,1386,2033,1670,1996,1991,1988,1991,1988,1998,18407
3,0,30,sum_of_squares_ab,AFC,11,9,9,9,10,9,10,10,10,10,236,3,3,3,5,5,5,5,5,5,247,12,12,12,15,14,15,15,15,15,372,134,5,5,5,6,6,6,6,6,6,233,1,1,1,1,1,1,1,1,1,367,6,6,6,7,7,7,7,7,7,427,517,308,308,308,308,308,308,308,308,308,3289
0,0,32,repeated_square_mod,AFC,95,95,95,95,95,95,95,95,95,95,75,75,75,75,75,75,75,75,75,75,170,170,170,170,170,170,170,170,170,170,1700,19,19,19,19,19,19,19,19,19,19,15,15,15,15,15,15,15,15,15,15,34,34,34,34,34,34,34,34,34,34,340,746,517,1176,1132,1136,1136,1137,1135,1135,1135,10385
1,0,34,fibonacci_20,AFC,174,174,174,174,174,174,174,174,174,174,138,138,138,138,138,138,138,138,138,138,312,312,312,312,312,312,312,312,312,312,3120,34,34,34,34,34,34,34,34,34,34,27,27,27,27,27,27,27,27,27,27,61,61,61,61,61,61,61,61,61,61,610,748,586,1277,1216,1195,1195,1191,1191,1193,1228,11020
2,0,36,russian_peasant_mul,AFC,127,127,102,83,82,32,32,32,32,32,87,87,73,66,51,9,9,9,9,9,214,214,175,149,133,41,41,41,41,41,1090,25,25,40,48,54,429496779,429496779,429496779,429496779,429496779,17,17,28,35,38,429496761,429496761,429496761,429496761,429496761,42,42,68,83,92,858993540,858993540,858993540,858993540,858993540,731,931,622,1222,1126,1105,1062,1132,1128,1064,1060,10452
3,0,38,sum_of_cubes_1_to_10,AFC,120,120,120,87,78,26,26,26,26,26,74,74,74,69,47,4,4,4,4,4,194,194,194,156,125,30,30,30,30,30,1013,24,24,24,36,44,429496770,429496770,429496770,429496770,429496770,14,14,14,25,29,429496753,429496753,429496753,429496753,429496753,38,38,38,61,73,858993523,858993523,858993523,858993523,858993523,567,593,406,1088,1059,1079,1047,1045,1033,1026,1024,9400
3,1,39,xor_all_globals,AFC,26,11,9,9,8,7,7,8,8,8,4,8,7,7,6,6,6,8,7,7,30,19,16,16,14,13,13,16,15,15,167,429496770,2,3,3,4,4,4,4,4,4,429496753,1,2,2,2,2,2,3,3,3,858993523,3,5,5,6,6,6,7,7,7,858993575,312,327,327,327,306,303,303,303,303,303,3114
0,0,40,complex_bitwise,AFC,16,10,10,10,9,9,8,9,9,9,6,9,9,9,8,7,6,7,7,7,22,19,19,19,17,16,14,16,16,16,174,3,4,5,5,5,5,5,5,5,5,1,2,3,3,4,4,4,4,4,4,4,6,8,8,9,9,9,9,9,9,80,510,307,310,310,310,307,307,310,310,310,3291
1,0,42,mixed_arithmetic_masked,AFC,16,13,11,11,10,10,10,10,10,10,11,9,8,8,7,7,7,7,7,7,27,22,19,19,17,17,17,17,17,17,189,3,5,6,6,6,6,6,6,6,6,2,3,4,4,4,4,4,4,4,4,5,8,10,10,10,10,10,10,10,10,93,661,315,315,315,315,315,315,315,315,315,3496
0,1,41,mixed_arithmetic_mod,AFC,14,14,12,10,10,10,9,9,9,9,9,9,8,7,7,7,6,6,6,6,23,23,20,17,17,17,15,15,15,15,177,2,2,4,5,5,5,5,5,5,5,1,1,2,3,3,3,3,3,3,3,3,3,6,8,8,8,8,8,8,8,68,326,309,307,307,310,310,310,307,310,310,3106
2,0,44,abs_a_bitwise,AFC,15,12,12,12,10,9,9,9,9,9,13,11,12,12,9,8,8,8,8,8,28,23,24,24,19,17,17,17,17,17,203,3,4,5,5,6,6,6,6,6,6,2,3,4,4,5,5,5,5,5,5,5,7,9,9,11,11,11,11,11,11,96,683,313,313,316,316,316,316,316,316,313,3518
1,1,43,swap_ab_and_sum,AFC,21,21,17,15,15,15,14,13,13,9,16,16,13,11,11,11,10,10,10,10,37,37,30,26,26,26,24,23,23,19,271,4,4,6,7,7,7,8,9,9,9,3,3,5,6,6,6,6,6,6,6,7,7,11,13,13,13,14,15,15,15,123,318,351,318,318,318,318,318,318,318,318,3213
3,1,47,parity_a,AFC,126,102,102,80,74,74,69,69,22,22,87,72,72,58,46,46,44,44,6,6,213,174,174,138,120,120,113,113,28,28,1221,25,40,40,48,53,53,56,56,429496778,429496778,17,28,28,34,36,36,37,37,429496760,429496760,42,68,68,82,89,89,93,93,858993538,858993538,1717987700,479,498,1171,1102,1091,1088,1086,1091,1089,1089,9784
3,0,46,count_bits_in_b,AFC,92,92,26,25,24,24,24,24,26,23,67,67,12,12,12,12,12,12,12,12,159,159,38,37,36,36,36,36,38,35,610,18,18,19,20,20,20,20,20,21,21,13,13,429496742,429496742,429496742,429496742,429496742,429496742,429496742,429496742,31,31,429496761,429496762,429496762,429496762,429496762,429496762,429496763,429496763,-858993137,779,397,1055,1028,1001,1002,999,999,997,1000,9257
0,1,49,simple_parity_a,AFC,145,115,115,95,83,83,83,81,81,34,91,73,73,63,59,59,53,44,44,6,236,188,188,158,142,142,136,125,125,40,1480,29,46,46,55,60,60,64,67,67,429496790,18,29,29,35,39,39,41,41,41,429496763,47,75,75,90,99,99,105,108,108,858993553,858994359,501,486,1157,1096,1104,1095,1074,1096,1093,1078,9780
1,0,50,count_ones_in_a,AFC,123,123,123,123,123,123,123,123,123,123,86,86,86,86,86,86,86,86,86,86,209,209,209,209,209,209,209,209,209,209,2090,24,24,24,24,24,24,24,24,24,24,17,17,17,17,17,17,17,17,17,17,41,41,41,41,41,41,41,41,41,41,410,892,426,1110,1099,1068,1062,1068,1059,1059,1066,9909
0,0,48,shift_mix_ab,AFC,8,7,7,7,7,7,7,7,7,7,7,9,5,5,5,5,8,4,7,7,15,16,12,12,12,12,15,11,14,14,133,3,3,3,3,3,3,3,3,3,3,1,2,2,2,2,2,3,3,3,3,4,5,5,5,5,5,6,6,6,6,53,592,301,301,301,301,298,298,301,301,298,3292
2,0,52,selection_sort,AFC,53707,53707,42964,36509,32636,30312,30312,28915,28149,27627,10808,10808,8649,7367,6573,6097,6097,5844,5703,5580,64515,64515,51613,43876,39209,36409,36409,34759,33852,33207,438364,10741,10741,17185,21049,23366,24755,24755,25587,26099,26404,2161,2161,3458,4239,4705,4983,4983,5155,5264,5327,12902,12902,20643,25288,28071,29738,29738,30742,31363,31731,253118,85131,83804,83895,82976,82908,82776,82803,84008,82796,82636,833733
3,0,54,insertion_sort,AFC,21978,21978,21978,21978,21978,21978,21978,21978,21978,21978,5793,5793,5793,5793,5793,5793,5793,5793,5793,5793,27771,27771,27771,27771,27771,27771,27771,27771,27771,27771,277710,4395,4395,4395,4395,4395,4395,4395,4395,4395,4395,1158,1158,1158,1158,1158,1158,1158,1158,1158,1158,5553,5553,5553,5553,5553,5553,5553,5553,5553,5553,55530,43733,42540,43046,42779,42674,42752,42796,42758,42733,42762,428573
0,0,0,empty,PIC,12,12,12,12,12,12,12,12,12,12,5,5,5,5,5,5,5,5,5,5,17,17,17,17,17,17,17,17,17,17,170,429496712,429496712,429496712,429496712,429496712,429496712,429496712,429496712,429496712,429496712,429496721,429496721,429496721,429496721,429496721,429496721,429496721,429496721,429496721,429496721,858993433,858993433,858993433,858993433,858993433,858993433,858993433,858993433,858993433,858993433,-262,506,306,306,306,306,306,303,306,303,306,3254
1,0,2,subtract_ab,PIC,13,13,13,13,13,13,13,13,13,13,5,5,5,5,5,5,5,5,5,5,18,18,18,18,18,18,18,18,18,18,180,429496711,429496711,429496711,429496711,429496711,429496711,429496711,429496711,429496711,429496711,429496721,429496721,429496721,429496721,429496721,429496721,429496721,429496721,429496721,429496721,858993432,858993432,858993432,858993432,858993432,858993432,858993432,858993432,858993432,858993432,-272,581,306,306,306,306,306,306,306,306,306,3335
0,1,1,sum_ab,PIC,12,12,12,12,12,12,12,12,12,12,4,4,4,4,4,4,4,4,4,4,16,16,16,16,16,16,16,16,16,16,160,429496712,429496712,429496712,429496712,429496712,429496712,429496712,429496712,429496712,429496712,429496723,429496723,429496723,429496723,429496723,429496723,429496723,429496723,429496723,429496723,858993435,858993435,858993435,858993435,858993435,858993435,858993435,858993435,858993435,858993435,-242,307,327,304,304,304,301,301,301,301,304,3054
2,0,4,divide_ab,PIC,14,14,14,14,14,14,14,14,14,14,5,5,5,5,5,5,5,5,5,5,19,19,19,19,19,19,19,19,19,19,190,429496710,429496710,429496710,429496710,429496710,429496710,429496710,429496710,429496710,429496710,429496721,429496721,429496721,429496721,429496721,429496721,429496721,429496721,429496721,429496721,858993431,858993431,858993431,858993431,858993431,858993431,858993431,858993431,858993431,858993431,-282,589,311,311,311,311,311,311,311,311,311,3388
3,0,6,and_ab,PIC,13,13,13,13,13,13,13,13,13,13,5,5,5,5,5,5,5,5,5,5,18,18,18,18,18,18,18,18,18,18,180,429496711,429496711,429496711,429496711,429496711,429496711,429496711,429496711,429496711,429496711,429496721,429496721,429496721,429496721,429496721,429496721,429496721,429496721,429496721,429496721,858993432,858993432,858993432,858993432,858993432,858993432,858993432,858993432,858993432,858993432,-272,505,307,307,307,307,307,307,307,307,307,3268
1,1,3,multiply_ab,PIC,12,12,12,12,12,12,12,12,12,12,9,9,9,9,9,9,9,9,9,9,21,21,21,21,21,21,21,21,21,21,210,429496712,429496712,429496712,429496712,429496712,429496712,429496712,429496712,429496712,429496712,429496716,429496716,429496716,429496716,429496716,429496716,429496716,429496716,429496716,429496716,858993428,858993428,858993428,858993428,858993428,858993428,858993428,858993428,858993428,858993428,-312,306,333,306,306,306,306,306,306,306,306,3087
3,1,7,or_ab,PIC,12,12,12,12,12,12,12,12,12,12,9,9,9,9,9,9,9,9,9,9,21,21,21,21,21,21,21,21,21,21,210,429496712,429496712,429496712,429496712,429496712,429496712,429496712,429496712,429496712,429496712,429496716,429496716,429496716,429496716,429496716,429496716,429496716,429496716,429496716,429496716,858993428,858993428,858993428,858993428,858993428,858993428,858993428,858993428,858993428,858993428,-312,311,306,307,307,307,307,307,307,307,307,3073
0,0,8,xor_ab,PIC,11,11,11,11,11,11,11,11,11,11,4,4,4,4,4,4,4,4,4,4,15,15,15,15,15,15,15,15,15,15,150,429496714,429496714,429496714,429496714,429496714,429496714,429496714,429496714,429496714,429496714,429496723,429496723,429496723,429496723,429496723,429496723,429496723,429496723,429496723,429496723,858993437,858993437,858993437,858993437,858993437,858993437,858993437,858993437,858993437,858993437,-222,533,296,296,299,299,296,296,296,299,296,3206
1,0,10,shift_a_left_2,PIC,10,10,10,10,10,10,10,10,10,10,8,8,8,8,8,8,8,8,8,8,18,18,18,18,18,18,18,18,18,18,180,429496715,429496715,429496715,429496715,429496715,429496715,429496715,429496715,429496715,429496715,429496717,429496717,429496717,429496717,429496717,429496717,429496717,429496717,429496717,429496717,858993432,858993432,858993432,858993432,858993432,858993432,858993432,858993432,858993432,858993432,-272,729,303,303,303,303,303,303,303,303,303,3456
0,1,9,not_a,PIC,9,9,9,9,9,9,9,9,9,9,7,7,7,7,7,7,7,7,7,7,16,16,16,16,16,16,16,16,16,16,160,429496716,429496716,429496716,429496716,429496716,429496716,429496716,429496716,429496716,429496716,429496719,429496719,429496719,429496719,429496719,429496719,429496719,429496719,429496719,429496719,858993435,858993435,858993435,858993435,858993435,858993435,858993435,858993435,858993435,858993435,-242,302,326,299,296,299,299,299,299,299,296,3014
2,0,12,equals_ab,PIC,13,13,13,13,13,13,13,13,13,13,5,5,5,5,5,5,5,5,5,5,18,18,18,18,18,18,18,18,18,18,180,429496711,429496711,429496711,429496711,429496711,429496711,429496711,429496711,429496711,429496711,429496721,429496721,429496721,429496721,429496721,429496721,429496721,429496721,429496721,429496721,858993432,858993432,858993432,858993432,858993432,858993432,858993432,858993432,858993432,858993432,-272,646,312,312,312,309,309,312,309,309,312,3442
3,0,14,greater_than_ab,PIC,12,12,12,12,12,12,12,12,12,12,9,9,9,9,9,9,9,9,9,9,21,21,21,21,21,21,21,21,21,21,210,429496712,429496712,429496712,429496712,429496712,429496712,429496712,429496712,429496712,429496712,429496716,429496716,429496716,429496716,429496716,429496716,429496716,429496716,429496716,429496716,858993428,858993428,858993428,858993428,858993428,858993428,858993428,858993428,858993428,858993428,-312,502,312,309,309,312,312,312,312,309,312,3301
1,1,11,shift_b_right_1,PIC,10,10,10,10,10,10,10,10,10,10,8,8,8,8,8,8,8,8,8,8,18,18,18,18,18,18,18,18,18,18,180,429496715,429496715,429496715,429496715,429496715,429496715,429496715,429496715,429496715,429496715,429496717,429496717,429496717,429496717,429496717,429496717,429496717,429496717,429496717,429496717,858993432,858993432,858993432,858993432,858993432,858993432,858993432,858993432,858993432,858993432,-272,303,302,303,303,303,303,303,303,303,303,3029
3,1,15,less_than_ab,PIC,12,12,12,12,12,12,12,12,12,12,9,9,9,9,9,9,9,9,9,9,21,21,21,21,21,21,21,21,21,21,210,429496712,429496712,429496712,429496712,429496712,429496712,429496712,429496712,429496712,429496712,429496716,429496716,429496716,429496716,429496716,429496716,429496716,429496716,429496716,429496716,858993428,858993428,858993428,858993428,858993428,858993428,858993428,858993428,858993428,858993428,-312,312,334,311,311,311,311,308,308,311,308,3125
0,0,16,max_ab,PIC,13,13,13,13,13,13,13,13,13,13,5,5,5,5,5,5,5,5,5,5,18,18,18,18,18,18,18,18,18,18,180,429496711,429496711,429496711,429496711,429496711,429496711,429496711,429496711,429496711,429496711,429496721,429496721,429496721,429496721,429496721,429496721,429496721,429496721,429496721,429496721,858993432,858993432,858993432,858993432,858993432,858993432,858993432,858993432,858993432,858993432,-272,512,310,310,310,307,307,310,310,310,310,3296
1,0,18,logical_and,PIC,14,14,14,14,14,14,14,14,14,14,4,4,4,4,4,4,4,4,4,4,18,18,18,18,18,18,18,18,18,18,180,429496710,429496710,429496710,429496710,429496710,429496710,429496710,429496710,429496710,429496710,429496723,429496723,429496723,429496723,429496723,429496723,429496723,429496723,429496723,429496723,858993433,858993433,858993433,858993433,858993433,858993433,858993433,858993433,858993433,858993433,-262,518,313,310,310,310,310,310,310,310,310,3311
0,1,17,min_ab,PIC,13,13,13,13,13,13,13,13,13,13,5,5,5,5,5,5,5,5,5,5,18,18,18,18,18,18,18,18,18,18,180,429496711,429496711,429496711,429496711,429496711,429496711,429496711,429496711,429496711,429496711,429496721,429496721,429496721,429496721,429496721,429496721,429496721,429496721,429496721,429496721,858993432,858993432,858993432,858993432,858993432,858993432,858993432,858993432,858993432,858993432,-272,307,337,307,310,307,307,307,307,307,307,3103
2,0,20,logical_not_equal,PIC,12,12,12,12,12,12,12,12,12,12,9,9,9,9,9,9,9,9,9,9,21,21,21,21,21,21,21,21,21,21,210,429496712,429496712,429496712,429496712,429496712,429496712,429496712,429496712,429496712,429496712,429496716,429496716,429496716,429496716,429496716,429496716,429496716,429496716,429496716,429496716,858993428,858993428,858993428,858993428,858993428,858993428,858993428,858993428,858993428,858993428,-312,705,312,312,309,312,312,309,312,312,312,3507
3,0,22,decrement_b_100_times,PIC,362,362,362,362,362,362,362,362,362,362,264,264,264,264,264,264,264,264,264,264,626,626,626,626,626,626,626,626,626,626,6260,429496257,429496257,429496257,429496257,429496257,429496257,429496257,429496257,429496257,429496257,429496385,429496385,429496385,429496385,429496385,429496385,429496385,429496385,429496385,429496385,858992642,858992642,858992642,858992642,858992642,858992642,858992642,858992642,858992642,858992642,-8172,1269,1238,1891,1863,1860,1865,1862,1860,1860,1862,17430
1,1,19,logical_or,PIC,14,14,14,14,14,14,14,14,14,14,9,9,9,9,9,9,9,9,9,9,23,23,23,23,23,23,23,23,23,23,230,429496710,429496710,429496710,429496710,429496710,429496710,429496710,429496710,429496710,429496710,429496716,429496716,429496716,429496716,429496716,429496716,429496716,429496716,429496716,429496716,858993426,858993426,858993426,858993426,858993426,858993426,858993426,858993426,858993426,858993426,-332,329,337,310,310,310,310,310,310,310,310,3146
3,1,23,factorial_10,PIC,109,109,109,109,109,109,109,109,109,109,79,79,79,79,79,79,79,79,79,79,188,188,188,188,188,188,188,188,188,188,1880,429496586,429496586,429496586,429496586,429496586,429496586,429496586,429496586,429496586,429496586,429496625,429496625,429496625,429496625,429496625,429496625,429496625,429496625,429496625,429496625,858993211,858993211,858993211,858993211,858993211,858993211,858993211,858993211,858993211,858993211,-2482,434,454,1127,1059,1059,1039,1044,1044,1044,1042,9346
0,0,24,sum_1_to_100,PIC,464,464,464,464,464,464,464,464,464,464,260,260,260,260,260,260,260,260,260,260,724,724,724,724,724,724,724,724,724,724,7240,429496125,429496125,429496125,429496125,429496125,429496125,429496125,429496125,429496125,429496125,429496390,429496390,429496390,429496390,429496390,429496390,429496390,429496390,429496390,429496390,858992515,858992515,858992515,858992515,858992515,858992515,858992515,858992515,858992515,858992515,-9442,1103,1029,1705,1673,1676,1678,1678,1678,1675,1673,15568
1,0,26,popcount_a,PIC,122,122,122,122,122,122,122,122,122,122,86,86,86,86,86,86,86,86,86,86,208,208,208,208,208,208,208,208,208,208,2080,429496569,429496569,429496569,429496569,429496569,429496569,429496569,429496569,429496569,429496569,429496616,429496616,429496616,429496616,429496616,429496616,429496616,429496616,429496616,429496616,858993185,858993185,858993185,858993185,858993185,858993185,858993185,858993185,858993185,858993185,-2742,675,434,1119,1090,1068,1101,1085,1085,1068,1075,9800
0,1,25,gcd_ab,PIC,123,123,123,123,123,123,123,123,123,123,87,87,87,87,87,87,87,87,87,87,210,210,210,210,210,210,210,210,210,210,2100,429496568,429496568,429496568,429496568,429496568,429496568,429496568,429496568,429496568,429496568,429496615,429496615,429496615,429496615,429496615,429496615,429496615,429496615,429496615,429496615,858993183,858993183,858993183,858993183,858993183,858993183,858993183,858993183,858993183,858993183,-2762,532,504,1182,1114,1081,1086,1081,1086,1083,1086,9835
2,0,28,lcg_sequence,PIC,120,120,120,120,120,120,120,120,120,120,89,89,89,89,89,89,89,89,89,89,209,209,209,209,209,209,209,209,209,209,2090,429496572,429496572,429496572,429496572,429496572,429496572,429496572,429496572,429496572,429496572,429496612,429496612,429496612,429496612,429496612,429496612,429496612,429496612,429496612,429496612,858993184,858993184,858993184,858993184,858993184,858993184,858993184,858993184,858993184,858993184,-2752,1027,736,1391,1367,1351,1351,1366,1357,1351,1348,12645
3,0,30,sum_of_squares_ab,PIC,14,14,14,14,14,14,14,14,14,14,4,4,4,4,4,4,4,4,4,4,18,18,18,18,18,18,18,18,18,18,180,429496710,429496710,429496710,429496710,429496710,429496710,429496710,429496710,429496710,429496710,429496723,429496723,429496723,429496723,429496723,429496723,429496723,429496723,429496723,429496723,858993433,858993433,858993433,858993433,858993433,858993433,858993433,858993433,858993433,858993433,-262,517,308,305,305,305,305,305,308,308,308,3274
1,1,27,sum_mod7_0_to_999,PIC,4061,4061,4061,4061,4061,4061,4061,4061,4061,4061,2054,2054,2054,2054,2054,2054,2054,2054,2054,2054,6115,6115,6115,6115,6115,6115,6115,6115,6115,6115,61150,429491449,429491449,429491449,429491449,429491449,429491449,429491449,429491449,429491449,429491449,429494058,429494058,429494058,429494058,429494058,429494058,429494058,429494058,429494058,429494058,858985507,858985507,858985507,858985507,858985507,858985507,858985507,858985507,858985507,858985507,-79522,12332,12355,13007,12472,12964,12964,12969,12964,12965,13092,128084
3,1,31,sum_of_squares_0_to_99,PIC,469,469,469,469,469,469,469,469,469,469,265,265,265,265,265,265,265,265,265,265,734,734,734,734,734,734,734,734,734,734,7340,429496118,429496118,429496118,429496118,429496118,429496118,429496118,429496118,429496118,429496118,429496383,429496383,429496383,429496383,429496383,429496383,429496383,429496383,429496383,429496383,858992501,858992501,858992501,858992501,858992501,858992501,858992501,858992501,858992501,858992501,-9582,1363,1386,2034,1991,1994,1991,1997,1991,1989,1706,18442
0,0,32,repeated_square_mod,PIC,95,95,95,95,95,95,95,95,95,95,75,75,75,75,75,75,75,75,75,75,170,170,170,170,170,170,170,170,170,170,1700,429496604,429496604,429496604,429496604,429496604,429496604,429496604,429496604,429496604,429496604,429496630,429496630,429496630,429496630,429496630,429496630,429496630,429496630,429496630,429496630,858993234,858993234,858993234,858993234,858993234,858993234,858993234,858993234,858993234,858993234,-2252,784,517,1162,1134,1137,1137,1137,1133,1133,1137,10411
1,0,34,fibonacci_20,PIC,177,177,177,177,177,177,177,177,177,177,141,141,141,141,141,141,141,141,141,141,318,318,318,318,318,318,318,318,318,318,3180,429496498,429496498,429496498,429496498,429496498,429496498,429496498,429496498,429496498,429496498,429496545,429496545,429496545,429496545,429496545,429496545,429496545,429496545,429496545,429496545,858993043,858993043,858993043,858993043,858993043,858993043,858993043,858993043,858993043,858993043,-4162,750,586,1296,1219,1197,1197,1228,1195,1228,1202,11098
0,1,33,count_primes_below_100,PIC,4008,4008,4008,4008,4008,4008,4008,4008,4008,4008,1202,1202,1202,1202,1202,1202,1202,1202,1202,1202,5210,5210,5210,5210,5210,5210,5210,5210,5210,5210,52100,429491517,429491517,429491517,429491517,429491517,429491517,429491517,429491517,429491517,429491517,429495165,429495165,429495165,429495165,429495165,429495165,429495165,429495165,429495165,429495165,858986682,858986682,858986682,858986682,858986682,858986682,858986682,858986682,858986682,858986682,-67772,12992,11448,10309,9276,8234,7563,7066,6767,6440,6471,86566
2,0,36,russian_peasant_mul,PIC,129,129,129,129,129,129,129,129,129,129,84,84,84,84,84,84,84,84,84,84,213,213,213,213,213,213,213,213,213,213,2130,429496560,429496560,429496560,429496560,429496560,429496560,429496560,429496560,429496560,429496560,429496619,429496619,429496619,429496619,429496619,429496619,429496619,429496619,429496619,429496619,858993179,858993179,858993179,858993179,858993179,858993179,858993179,858993179,858993179,858993179,-2802,939,595,1229,1137,1161,1100,1135,1113,1074,1098,10581
3,0,38,sum_of_cubes_1_to_10,PIC,120,120,120,120,120,120,120,120,120,120,74,74,74,74,74,74,74,74,74,74,194,194,194,194,194,194,194,194,194,194,1940,429496572,429496572,429496572,429496572,429496572,429496572,429496572,429496572,429496572,429496572,429496632,429496632,429496632,429496632,429496632,429496632,429496632,429496632,429496632,429496632,858993204,858993204,858993204,858993204,858993204,858993204,858993204,858993204,858993204,858993204,-2552,602,406,1082,1069,1061,1075,1024,1026,1024,1021,9390
1,1,35,reverse_digits_a,PIC,80,80,80,80,80,80,80,80,80,80,61,61,61,61,61,61,61,61,61,61,141,141,141,141,141,141,141,141,141,141,1410,429496624,429496624,429496624,429496624,429496624,429496624,429496624,429496624,429496624,429496624,429496649,429496649,429496649,429496649,429496649,429496649,429496649,429496649,429496649,429496649,858993273,858993273,858993273,858993273,858993273,858993273,858993273,858993273,858993273,858993273,-1862,450,481,1126,1057,1037,1037,1037,1039,1037,1037,9338
3,1,39,xor_all_globals,PIC,13,13,13,13,13,13,13,13,13,13,9,9,9,9,9,9,9,9,9,9,22,22,22,22,22,22,22,22,22,22,220,429496711,429496711,429496711,429496711,429496711,429496711,429496711,429496711,429496711,429496711,429496716,429496716,429496716,429496716,429496716,429496716,429496716,429496716,429496716,429496716,858993427,858993427,858993427,858993427,858993427,858993427,858993427,858993427,858993427,858993427,-322,312,338,307,307,306,304,304,307,307,304,3096
0,0,40,complex_bitwise,PIC,16,16,16,16,16,16,16,16,16,16,6,6,6,6,6,6,6,6,6,6,22,22,22,22,22,22,22,22,22,22,220,429496707,429496707,429496707,429496707,429496707,429496707,429496707,429496707,429496707,429496707,429496720,429496720,429496720,429496720,429496720,429496720,429496720,429496720,429496720,429496720,858993427,858993427,858993427,858993427,858993427,858993427,858993427,858993427,858993427,858993427,-322,631,310,307,310,310,310,310,310,307,310,3415
1,0,42,mixed_arithmetic_masked,PIC,16,16,16,16,16,16,16,16,16,16,11,11,11,11,11,11,11,11,11,11,27,27,27,27,27,27,27,27,27,27,270,429496707,429496707,429496707,429496707,429496707,429496707,429496707,429496707,429496707,429496707,429496714,429496714,429496714,429496714,429496714,429496714,429496714,429496714,429496714,429496714,858993421,858993421,858993421,858993421,858993421,858993421,858993421,858993421,858993421,858993421,-382,649,315,315,315,315,315,315,315,315,315,3484
0,1,41,mixed_arithmetic_mod,PIC,14,14,14,14,14,14,14,14,14,14,9,9,9,9,9,9,9,9,9,9,23,23,23,23,23,23,23,23,23,23,230,429496710,429496710,429496710,429496710,429496710,429496710,429496710,429496710,429496710,429496710,429496716,429496716,429496716,429496716,429496716,429496716,429496716,429496716,429496716,429496716,858993426,858993426,858993426,858993426,858993426,858993426,858993426,858993426,858993426,858993426,-332,326,309,310,307,307,310,307,310,307,310,3103
2,0,44,abs_a_bitwise,PIC,15,15,15,15,15,15,15,15,15,15,13,13,13,13,13,13,13,13,13,13,28,28,28,28,28,28,28,28,28,28,280,429496708,429496708,429496708,429496708,429496708,429496708,429496708,429496708,429496708,429496708,429496711,429496711,429496711,429496711,429496711,429496711,429496711,429496711,429496711,429496711,858993419,858993419,858993419,858993419,858993419,858993419,858993419,858993419,858993419,858993419,-402,674,313,316,316,316,316,316,313,316,316,3512
3,0,46,count_bits_in_b,PIC,89,89,89,89,89,89,89,89,89,89,68,68,68,68,68,68,68,68,68,68,157,157,157,157,157,157,157,157,157,157,1570,429496612,429496612,429496612,429496612,429496612,429496612,429496612,429496612,429496612,429496612,429496639,429496639,429496639,429496639,429496639,429496639,429496639,429496639,429496639,429496639,858993251,858993251,858993251,858993251,858993251,858993251,858993251,858993251,858993251,858993251,-2082,643,397,1045,1024,1024,1003,1002,1002,1002,1002,9144
1,1,43,swap_ab_and_sum,PIC,21,21,21,21,21,21,21,21,21,21,16,16,16,16,16,16,16,16,16,16,37,37,37,37,37,37,37,37,37,37,370,429496701,429496701,429496701,429496701,429496701,429496701,429496701,429496701,429496701,429496701,429496707,429496707,429496707,429496707,429496707,429496707,429496707,429496707,429496707,429496707,858993408,858993408,858993408,858993408,858993408,858993408,858993408,858993408,858993408,858993408,-512,318,351,318,318,318,318,318,318,318,318,3213
3,1,47,parity_a,PIC,126,126,126,126,126,126,126,126,126,126,87,87,87,87,87,87,87,87,87,87,213,213,213,213,213,213,213,213,213,213,2130,429496564,429496564,429496564,429496564,429496564,429496564,429496564,429496564,429496564,429496564,429496615,429496615,429496615,429496615,429496615,429496615,429496615,429496615,429496615,429496615,858993179,858993179,858993179,858993179,858993179,858993179,858993179,858993179,858993179,858993179,-2802,479,501,1158,1110,1088,1088,1088,1088,1086,1088,9774
0,0,48,shift_mix_ab,PIC,11,11,11,11,11,11,11,11,11,11,4,4,4,4,4,4,4,4,4,4,15,15,15,15,15,15,15,15,15,15,150,429496714,429496714,429496714,429496714,429496714,429496714,429496714,429496714,429496714,429496714,429496723,429496723,429496723,429496723,429496723,429496723,429496723,429496723,429496723,429496723,858993437,858993437,858993437,858993437,858993437,858993437,858993437,858993437,858993437,858993437,-222,516,301,301,298,301,298,301,301,301,298,3216
1,0,50,count_ones_in_a,PIC,122,122,122,122,122,122,122,122,122,122,86,86,86,86,86,86,86,86,86,86,208,208,208,208,208,208,208,208,208,208,2080,429496569,429496569,429496569,429496569,429496569,429496569,429496569,429496569,429496569,429496569,429496616,429496616,429496616,429496616,429496616,429496616,429496616,429496616,429496616,429496616,858993185,858993185,858993185,858993185,858993185,858993185,858993185,858993185,858993185,858993185,-2742,755,426,1115,1059,1068,1059,1059,1061,1068,1059,9729
0,1,49,simple_parity_a,PIC,145,145,145,145,145,145,145,145,145,145,91,91,91,91,91,91,91,91,91,91,236,236,236,236,236,236,236,236,236,236,2360,429496539,429496539,429496539,429496539,429496539,429496539,429496539,429496539,429496539,429496539,429496610,429496610,429496610,429496610,429496610,429496610,429496610,429496610,429496610,429496610,858993149,858993149,858993149,858993149,858993149,858993149,858993149,858993149,858993149,858993149,-3102,500,486,1150,1091,1109,1103,1068,1070,1068,1073,9718
2,0,52,selection_sort,PIC,53671,53671,53671,53671,53671,53671,53671,53671,53671,53671,10775,10775,10775,10775,10775,10775,10775,10775,10775,10775,64446,64446,64446,64446,64446,64446,64446,64446,64446,64446,644460,429426956,429426956,429426956,429426956,429426956,429426956,429426956,429426956,429426956,429426956,429482720,429482720,429482720,429482720,429482720,429482720,429482720,429482720,429482720,429482720,858909676,858909676,858909676,858909676,858909676,858909676,858909676,858909676,858909676,858909676,-837832,85006,83555,83827,83097,82776,82697,82705,83791,82560,82523,832537
3,0,54,insertion_sort,PIC,21971,21971,21971,21971,21971,21971,21971,21971,21971,21971,5790,5790,5790,5790,5790,5790,5790,5790,5790,5790,27761,27761,27761,27761,27761,27761,27761,27761,27761,27761,277610,429468166,429468166,429468166,429468166,429468166,429468166,429468166,429468166,429468166,429468166,429489201,429489201,429489201,429489201,429489201,429489201,429489201,429489201,429489201,429489201,858957367,858957367,858957367,858957367,858957367,858957367,858957367,858957367,858957367,858957367,-360922,43615,42531,43011,42870,42709,42750,42690,42705,42687,42713,428281
1,1,51,bubble_sort,PIC,78792,78792,78792,78792,78792,78792,78792,78792,78792,78792,16991,16991,16991,16991,16991,16991,16991,16991,16991,16991,95783,95783,95783,95783,95783,95783,95783,95783,95783,95783,957830,429394298,429394298,429394298,429394298,429394298,429394298,429394298,429394298,429394298,429394298,429474640,429474640,429474640,429474640,429474640,429474640,429474640,429474640,429474640,429474640,858868938,858868938,858868938,858868938,858868938,858868938,858868938,858868938,858868938,858868938,-1245212,136935,134288,133716,131264,131207,132163,130767,130872,130768,132288,1324268
3,1,55,quick_sort,PIC,12925,12925,12925,12925,12925,12925,12925,12925,12925,12925,3138,3138,3138,3138,3138,3138,3138,3138,3138,3138,16063,16063,16063,16063,16063,16063,16063,16063,16063,16063,160630,429479925,429479925,429479925,429479925,429479925,429479925,429479925,429479925,429479925,429479925,429492648,429492648,429492648,429492648,429492648,429492648,429492648,429492648,429492648,429492648,858972573,858972573,858972573,858972573,858972573,858972573,858972573,858972573,858972573,858972573,-208862,31784,28960,26016,22779,21086,20271,19762,19462,19391,19403,228914
