budget_function,total_used_budget_r,total_used_budget_w,total_calc_r,total_calc_w,used_budget_per_period_read[0],used_budget_per_period_read[1],used_budget_per_period_read[2],used_budget_per_period_read[3],used_budget_per_period_read[4],used_budget_per_period_read[5],used_budget_per_period_read[6],used_budget_per_period_read[7],used_budget_per_period_read[8],used_budget_per_period_read[9],used_budget_per_period_read[10],used_budget_per_period_read[11],used_budget_per_period_read[12],used_budget_per_period_read[13],used_budget_per_period_read[14],used_budget_per_period_write[0],used_budget_per_period_write[1],used_budget_per_period_write[2],used_budget_per_period_write[3],used_budget_per_period_write[4],used_budget_per_period_write[5],used_budget_per_period_write[6],used_budget_per_period_write[7],used_budget_per_period_write[8],used_budget_per_period_write[9],used_budget_per_period_write[10],used_budget_per_period_write[11],used_budget_per_period_write[12],used_budget_per_period_write[13],used_budget_per_period_write[14],calc_per_period_read[0],calc_per_period_read[1],calc_per_period_read[2],calc_per_period_read[3],calc_per_period_read[4],calc_per_period_read[5],calc_per_period_read[6],calc_per_period_read[7],calc_per_period_read[8],calc_per_period_read[9],calc_per_period_read[10],calc_per_period_read[11],calc_per_period_read[12],calc_per_period_read[13],calc_per_period_read[14],calc_per_period_write[0],calc_per_period_write[1],calc_per_period_write[2],calc_per_period_write[3],calc_per_period_write[4],calc_per_period_write[5],calc_per_period_write[6],calc_per_period_write[7],calc_per_period_write[8],calc_per_period_write[9],calc_per_period_write[10],calc_per_period_write[11],calc_per_period_write[12],calc_per_period_write[13],calc_per_period_write[14],
EWMA,2830694,1236792,1762773,750406,280732,280732,226148,226148,193358,193358,173703,173703,161926,161926,154846,154846,150604,150604,148060,124370,124370,99501,99501,84564,84564,75617,75617,70247,70247,67032,67032,65104,65104,63922,62288,62288,95060,95060,114719,114719,126515,126515,133597,133597,137846,137846,140397,140397,141929,24874,24874,39799,39799,48752,48752,54125,54125,57349,57349,59285,59285,60448,60448,61142,
SW,2099486,865960,2080580,848544,148060,145961,136002,136002,137077,137077,138089,138089,139881,139881,140999,140999,140447,140447,140475,63922,62763,52687,52687,53766,53766,57269,57269,58264,58264,59395,59395,58830,58830,58853,141929,141929,141929,141929,139680,139680,137056,137056,137056,137056,137056,137056,137056,137056,137056,61142,61142,61142,61142,56405,56405,54574,54574,54574,54574,54574,54574,54574,54574,54574,
LR,6312222,882795,2055840,818610,1501834,1501834,1501834,150576,150576,150552,150552,150554,150554,150554,150554,150562,150562,150562,150562,58853,58853,58853,58853,58853,58853,58853,58853,58853,58853,58853,58853,58853,58853,58853,137056,137056,137056,137056,137056,137056,137056,137056,137056,137056,137056,137056,137056,137056,137056,54574,54574,54574,54574,54574,54574,54574,54574,54574,54574,54574,54574,54574,54574,54574,
AMBP,2723504,1171457,1600762,689502,150562,150848,150848,257867,257867,212339,212339,185037,185037,168663,168663,158803,158803,152914,152914,58853,69340,69340,110158,110158,90895,90895,79374,79374,72456,72456,68285,68285,65794,65794,137056,30249,30249,75772,75772,103085,103085,119475,119475,129312,129312,135210,135210,138750,138750,54574,13948,13948,33190,33190,44731,44731,51659,51659,55818,55818,58311,58311,59807,59807,
AFC,2452201,546119,1274688,418285,152914,149910,149910,207816,207816,207816,172033,172033,172033,149256,149256,149256,137384,137384,137384,65794,64775,64775,66738,21168,21168,56422,15095,15095,52243,13458,13458,51076,12427,12427,138750,29982,29982,65548,65548,65548,86845,86845,86845,99327,99327,99327,106938,106938,106938,59807,12955,12955,23711,23203,23203,29846,26896,26896,31965,28264,28264,32826,28747,28747,
(# 1fft_3bandwidth_defaults above)

budget_function,total_used_budget_r,total_used_budget_w,total_calc_r,total_calc_w,used_budget_per_period_read[0],used_budget_per_period_read[1],used_budget_per_period_read[2],used_budget_per_period_read[3],used_budget_per_period_read[4],used_budget_per_period_read[5],used_budget_per_period_read[6],used_budget_per_period_read[7],used_budget_per_period_read[8],used_budget_per_period_read[9],used_budget_per_period_read[10],used_budget_per_period_read[11],used_budget_per_period_read[12],used_budget_per_period_read[13],used_budget_per_period_read[14],used_budget_per_period_write[0],used_budget_per_period_write[1],used_budget_per_period_write[2],used_budget_per_period_write[3],used_budget_per_period_write[4],used_budget_per_period_write[5],used_budget_per_period_write[6],used_budget_per_period_write[7],used_budget_per_period_write[8],used_budget_per_period_write[9],used_budget_per_period_write[10],used_budget_per_period_write[11],used_budget_per_period_write[12],used_budget_per_period_write[13],used_budget_per_period_write[14],calc_per_period_read[0],calc_per_period_read[1],calc_per_period_read[2],calc_per_period_read[3],calc_per_period_read[4],calc_per_period_read[5],calc_per_period_read[6],calc_per_period_read[7],calc_per_period_read[8],calc_per_period_read[9],calc_per_period_read[10],calc_per_period_read[11],calc_per_period_read[12],calc_per_period_read[13],calc_per_period_read[14],calc_per_period_write[0],calc_per_period_write[1],calc_per_period_write[2],calc_per_period_write[3],calc_per_period_write[4],calc_per_period_write[5],calc_per_period_write[6],calc_per_period_write[7],calc_per_period_write[8],calc_per_period_write[9],calc_per_period_write[10],calc_per_period_write[11],calc_per_period_write[12],calc_per_period_write[13],calc_per_period_write[14],
EWMA,2832950,1239261,1764808,751999,281127,281127,226262,226262,193460,193460,173837,173837,162025,162025,154971,154971,150701,150701,148184,124810,124810,99661,99661,84693,84693,75747,75747,70362,70362,67148,67148,65189,65189,64041,62443,62443,95206,95206,114856,114856,126652,126652,133726,133726,137975,137975,140520,140520,142052,24962,24962,39901,39901,48859,48859,54236,54236,57461,57461,59398,59398,60556,60556,61253,
SW,2039182,805605,1997892,765894,148184,146366,124663,124663,127893,127893,135356,135356,138151,138151,140537,140537,136462,136462,138508,64041,63115,41347,41347,44603,44603,54551,54551,56537,56537,58923,58923,54822,54822,56883,142052,142052,142052,142052,132974,132974,129304,129304,129304,129304,129304,129304,129304,129304,129304,61253,61253,61253,61253,49688,49688,46834,46834,46834,46834,46834,46834,46834,46834,46834,
LR,4695532,853245,1939560,702510,929778,929778,929778,158862,158862,158869,158869,158856,158856,158835,158835,158850,158850,158827,158827,56883,56883,56883,56883,56883,56883,56883,56883,56883,56883,56883,56883,56883,56883,56883,129304,129304,129304,129304,129304,129304,129304,129304,129304,129304,129304,129304,129304,129304,129304,46834,46834,46834,46834,46834,46834,46834,46834,46834,46834,46834,46834,46834,46834,46834,
AMBP,2688435,1010347,1371577,529665,158827,159112,159112,231689,231689,231689,182882,182882,182882,168374,168374,168374,154183,154183,154183,56883,77534,77534,83987,83987,83987,61456,61456,61456,62701,62701,62701,57988,57988,57988,129304,31902,31902,71859,71859,71859,94063,94063,94063,108925,108925,108925,117976,117976,117976,46834,15586,15586,29266,29266,29266,35704,35704,35704,41103,41103,41103,44480,44480,44480,
AFC,2445458,561405,1278536,415483,154183,170684,170684,214501,214501,214501,165682,165682,165682,137694,137694,137694,132092,132092,132092,57988,80093,80093,68617,13622,13622,55102,15547,15547,48837,17132,17132,48783,14645,14645,117976,34136,34136,70209,70209,70209,89303,89303,89303,98981,98981,98981,105603,105603,105603,44480,16018,16018,26537,23954,23954,30183,27256,27256,31572,28684,28684,32703,29092,29092,
(# 3fft_1bandwidth+stressed_defaults above)

budget_function,total_used_budget_r,total_used_budget_w,total_calc_r,total_calc_w,used_budget_per_period_read[0],used_budget_per_period_read[1],used_budget_per_period_read[2],used_budget_per_period_read[3],used_budget_per_period_read[4],used_budget_per_period_read[5],used_budget_per_period_read[6],used_budget_per_period_read[7],used_budget_per_period_read[8],used_budget_per_period_read[9],used_budget_per_period_read[10],used_budget_per_period_read[11],used_budget_per_period_read[12],used_budget_per_period_read[13],used_budget_per_period_read[14],used_budget_per_period_write[0],used_budget_per_period_write[1],used_budget_per_period_write[2],used_budget_per_period_write[3],used_budget_per_period_write[4],used_budget_per_period_write[5],used_budget_per_period_write[6],used_budget_per_period_write[7],used_budget_per_period_write[8],used_budget_per_period_write[9],used_budget_per_period_write[10],used_budget_per_period_write[11],used_budget_per_period_write[12],used_budget_per_period_write[13],used_budget_per_period_write[14],calc_per_period_read[0],calc_per_period_read[1],calc_per_period_read[2],calc_per_period_read[3],calc_per_period_read[4],calc_per_period_read[5],calc_per_period_read[6],calc_per_period_read[7],calc_per_period_read[8],calc_per_period_read[9],calc_per_period_read[10],calc_per_period_read[11],calc_per_period_read[12],calc_per_period_read[13],calc_per_period_read[14],calc_per_period_write[0],calc_per_period_write[1],calc_per_period_write[2],calc_per_period_write[3],calc_per_period_write[4],calc_per_period_write[5],calc_per_period_write[6],calc_per_period_write[7],calc_per_period_write[8],calc_per_period_write[9],calc_per_period_write[10],calc_per_period_write[11],calc_per_period_write[12],calc_per_period_write[13],calc_per_period_write[14],
EWMA,2830484,1236801,1762986,750401,280685,280685,226123,226123,193350,193350,173679,173679,161929,161929,154842,154842,150618,150618,148032,124373,124373,99494,99494,84572,84572,75602,75602,70257,70257,67023,67023,65124,65124,63911,62323,62323,95083,95083,114736,114736,126524,126524,133605,133605,137852,137852,140405,140405,141930,24874,24874,39798,39798,48752,48752,54122,54122,57349,57349,59283,59283,60451,60451,61143,
SW,2066795,833364,2021777,789691,148032,145965,129692,129692,128625,128625,136527,136527,139939,139939,140400,140400,140990,140990,140452,63911,62762,46372,46372,45302,45302,55712,55712,58357,58357,58818,58818,59372,59372,58825,141930,141930,141930,141930,134761,134761,131615,131615,131615,131615,131615,131615,131615,131615,131615,61143,61143,61143,61143,51479,51479,49129,49129,49129,49129,49129,49129,49129,49129,49129,
LR,6350741,882375,1974225,736935,1492919,1492919,1492919,156016,156016,156002,156002,155986,155986,155999,155999,155996,155996,155993,155993,58825,58825,58825,58825,58825,58825,58825,58825,58825,58825,58825,58825,58825,58825,58825,131615,131615,131615,131615,131615,131615,131615,131615,131615,131615,131615,131615,131615,131615,131615,49129,49129,49129,49129,49129,49129,49129,49129,49129,49129,49129,49129,49129,49129,49129,
AMBP,2732429,1175225,1599407,688295,155993,156262,156262,256537,256537,211482,211482,184471,184471,168246,168246,158533,158533,152687,152687,58825,74756,74756,108860,108860,90074,90074,78829,78829,72066,72066,68020,68020,65595,65595,131615,31332,31332,76373,76373,103394,103394,119609,119609,129336,129336,135175,135175,138677,138677,49129,15031,15031,33796,33796,45051,45051,51806,51806,55858,55858,58290,58290,59751,59751,
AFC,1146288,592947,963155,420536,152687,149991,149991,180263,18471,18471,158655,5235,5235,148059,3944,3944,143406,3968,3968,65595,64832,64832,57568,32193,32193,46612,25523,25523,41748,24310,24310,39696,24006,24006,138677,29998,29998,60051,51735,51735,73119,59543,59543,77246,62586,62586,78750,63794,63794,59751,12966,12966,21886,23947,23947,28480,27889,27889,30660,29390,29390,31451,29962,29962,
(# 3fft_1bandwidth_defaults above)

budget_function,total_used_budget_r,total_used_budget_w,total_calc_r,total_calc_w,used_budget_per_period_read[0],used_budget_per_period_read[1],used_budget_per_period_read[2],used_budget_per_period_read[3],used_budget_per_period_read[4],used_budget_per_period_read[5],used_budget_per_period_read[6],used_budget_per_period_read[7],used_budget_per_period_read[8],used_budget_per_period_read[9],used_budget_per_period_read[10],used_budget_per_period_read[11],used_budget_per_period_read[12],used_budget_per_period_read[13],used_budget_per_period_read[14],used_budget_per_period_write[0],used_budget_per_period_write[1],used_budget_per_period_write[2],used_budget_per_period_write[3],used_budget_per_period_write[4],used_budget_per_period_write[5],used_budget_per_period_write[6],used_budget_per_period_write[7],used_budget_per_period_write[8],used_budget_per_period_write[9],used_budget_per_period_write[10],used_budget_per_period_write[11],used_budget_per_period_write[12],used_budget_per_period_write[13],used_budget_per_period_write[14],calc_per_period_read[0],calc_per_period_read[1],calc_per_period_read[2],calc_per_period_read[3],calc_per_period_read[4],calc_per_period_read[5],calc_per_period_read[6],calc_per_period_read[7],calc_per_period_read[8],calc_per_period_read[9],calc_per_period_read[10],calc_per_period_read[11],calc_per_period_read[12],calc_per_period_read[13],calc_per_period_read[14],calc_per_period_write[0],calc_per_period_write[1],calc_per_period_write[2],calc_per_period_write[3],calc_per_period_write[4],calc_per_period_write[5],calc_per_period_write[6],calc_per_period_write[7],calc_per_period_write[8],calc_per_period_write[9],calc_per_period_write[10],calc_per_period_write[11],calc_per_period_write[12],calc_per_period_write[13],calc_per_period_write[14],
EWMA,271805,106888,164943,64837,27393,27393,21881,21881,18567,18567,16611,16611,15423,15423,14712,14712,14294,14294,14043,10749,10749,8618,8618,7300,7300,6533,6533,6068,6068,5789,5789,5625,5625,5524,5478,5478,8758,8758,10719,10719,11897,11897,12602,12602,13024,13024,13278,13278,13431,2149,2149,3442,3442,4213,4213,4677,4677,4955,4955,5121,5121,5221,5221,5281,
SW,206148,81104,204064,80247,14043,13886,13887,13887,13883,13883,13422,13422,13596,13596,13687,13687,13756,13756,13757,5524,5463,5477,5477,5463,5463,5268,5268,5343,5343,5387,5387,5414,5414,5413,13431,13431,13431,13431,13885,13885,13731,13731,13634,13634,13568,13568,13568,13568,13568,5281,5281,5281,5281,5468,5468,5403,5403,5358,5358,5333,5333,5333,5333,5333,
LR,206367,81195,203520,79995,13757,13994,13759,13733,13756,13732,13754,13736,13754,13732,13732,13732,13732,13732,13732,5413,5413,5413,5413,5413,5413,5413,5413,5413,5413,5413,5413,5413,5413,5413,13568,13568,13568,13568,13568,13568,13568,13568,13568,13568,13568,13568,13568,13568,13568,5333,5333,5333,5333,5333,5333,5333,5333,5333,5333,5333,5333,5333,5333,5333,
AMBP,232206,91050,177847,69932,13732,14007,24433,20111,17548,15969,15073,14493,14169,13952,13852,13755,13736,13686,13690,5413,5605,9510,7845,6862,6247,5906,5674,5559,5468,5436,5393,5392,5367,5373,13568,2881,7191,9775,11329,12257,12820,13154,13357,13476,13551,13591,13620,13633,13644,5333,1201,2862,3858,4458,4815,5033,5161,5240,5285,5315,5330,5342,5347,5352,
AFC,232203,91083,177552,69634,13690,13661,24591,20197,17609,16011,15090,14503,14175,13957,13850,13754,13734,13685,13696,5373,5355,9649,7921,6908,6277,5920,5683,5565,5471,5437,5394,5391,5366,5373,13644,2732,7103,9721,11298,12240,12810,13148,13353,13473,13548,13589,13618,13631,13644,5352,1071,2786,3813,4432,4801,5024,5155,5237,5283,5313,5329,5341,5346,5351,
(# 3fft_1fft+stressed above)

budget_function,total_used_budget_r,total_used_budget_w,total_calc_r,total_calc_w,used_budget_per_period_read[0],used_budget_per_period_read[1],used_budget_per_period_read[2],used_budget_per_period_read[3],used_budget_per_period_read[4],used_budget_per_period_read[5],used_budget_per_period_read[6],used_budget_per_period_read[7],used_budget_per_period_read[8],used_budget_per_period_read[9],used_budget_per_period_read[10],used_budget_per_period_read[11],used_budget_per_period_read[12],used_budget_per_period_read[13],used_budget_per_period_read[14],used_budget_per_period_write[0],used_budget_per_period_write[1],used_budget_per_period_write[2],used_budget_per_period_write[3],used_budget_per_period_write[4],used_budget_per_period_write[5],used_budget_per_period_write[6],used_budget_per_period_write[7],used_budget_per_period_write[8],used_budget_per_period_write[9],used_budget_per_period_write[10],used_budget_per_period_write[11],used_budget_per_period_write[12],used_budget_per_period_write[13],used_budget_per_period_write[14],calc_per_period_read[0],calc_per_period_read[1],calc_per_period_read[2],calc_per_period_read[3],calc_per_period_read[4],calc_per_period_read[5],calc_per_period_read[6],calc_per_period_read[7],calc_per_period_read[8],calc_per_period_read[9],calc_per_period_read[10],calc_per_period_read[11],calc_per_period_read[12],calc_per_period_read[13],calc_per_period_read[14],calc_per_period_write[0],calc_per_period_write[1],calc_per_period_write[2],calc_per_period_write[3],calc_per_period_write[4],calc_per_period_write[5],calc_per_period_write[6],calc_per_period_write[7],calc_per_period_write[8],calc_per_period_write[9],calc_per_period_write[10],calc_per_period_write[11],calc_per_period_write[12],calc_per_period_write[13],calc_per_period_write[14],
EWMA,271920,106888,165026,64858,27454,27454,21906,21906,18548,18548,16577,16577,15426,15426,14725,14725,14298,14298,14052,10799,10799,8613,8613,7289,7289,6502,6502,6067,6067,5789,5789,5623,5623,5524,5490,5490,8773,8773,10728,10728,11897,11897,12602,12602,13026,13026,13280,13280,13434,2159,2159,3449,3449,4217,4217,4674,4674,4952,4952,5119,5119,5219,5219,5280,
SW,206050,80804,204014,80013,14052,13886,13881,13881,13848,13848,13432,13432,13601,13601,13670,13670,13760,13760,13728,5524,5461,5461,5461,5398,5398,5258,5258,5339,5339,5365,5365,5397,5397,5383,13434,13434,13434,13434,13872,13872,13720,13720,13627,13627,13568,13568,13568,13568,13568,5280,5280,5280,5280,5440,5440,5372,5372,5332,5332,5321,5321,5321,5321,5321,
LR,206515,80745,203520,79815,13728,13990,13751,13754,13757,13753,13751,13753,13754,13754,13754,13754,13754,13754,13754,5383,5383,5383,5383,5383,5383,5383,5383,5383,5383,5383,5383,5383,5383,5383,13568,13568,13568,13568,13568,13568,13568,13568,13568,13568,13568,13568,13568,13568,13568,5321,5321,5321,5321,5321,5321,5321,5321,5321,5321,5321,5321,5321,5321,5321,
AMBP,232069,90880,177683,69790,13754,13754,24463,20136,17559,15988,15082,14495,14174,13955,13841,13755,13736,13685,13692,5383,5422,9521,7860,6868,6259,5911,5678,5561,5468,5433,5391,5388,5364,5373,13568,2830,7156,9752,11313,12248,12814,13150,13354,13474,13547,13588,13617,13630,13642,5321,1164,2835,3840,4445,4807,5027,5157,5237,5283,5313,5328,5340,5344,5349,
AFC,232202,91062,177552,69609,13692,13654,24595,20208,17608,16002,15090,14502,14177,13959,13843,13758,13736,13684,13694,5373,5353,9647,7919,6907,6274,5920,5683,5563,5470,5434,5393,5389,5364,5373,13642,2730,7103,9724,11300,12240,12810,13148,13353,13474,13547,13589,13618,13631,13643,5349,1070,2785,3811,4430,4798,5022,5154,5235,5282,5312,5328,5340,5344,5349,
(# 3fft_1fft+stressed_NOcachecoloring above)

budget_function,total_used_budget_r,total_used_budget_w,total_calc_r,total_calc_w,used_budget_per_period_read[0],used_budget_per_period_read[1],used_budget_per_period_read[2],used_budget_per_period_read[3],used_budget_per_period_read[4],used_budget_per_period_read[5],used_budget_per_period_read[6],used_budget_per_period_read[7],used_budget_per_period_read[8],used_budget_per_period_read[9],used_budget_per_period_read[10],used_budget_per_period_read[11],used_budget_per_period_read[12],used_budget_per_period_read[13],used_budget_per_period_read[14],used_budget_per_period_write[0],used_budget_per_period_write[1],used_budget_per_period_write[2],used_budget_per_period_write[3],used_budget_per_period_write[4],used_budget_per_period_write[5],used_budget_per_period_write[6],used_budget_per_period_write[7],used_budget_per_period_write[8],used_budget_per_period_write[9],used_budget_per_period_write[10],used_budget_per_period_write[11],used_budget_per_period_write[12],used_budget_per_period_write[13],used_budget_per_period_write[14],calc_per_period_read[0],calc_per_period_read[1],calc_per_period_read[2],calc_per_period_read[3],calc_per_period_read[4],calc_per_period_read[5],calc_per_period_read[6],calc_per_period_read[7],calc_per_period_read[8],calc_per_period_read[9],calc_per_period_read[10],calc_per_period_read[11],calc_per_period_read[12],calc_per_period_read[13],calc_per_period_read[14],calc_per_period_write[0],calc_per_period_write[1],calc_per_period_write[2],calc_per_period_write[3],calc_per_period_write[4],calc_per_period_write[5],calc_per_period_write[6],calc_per_period_write[7],calc_per_period_write[8],calc_per_period_write[9],calc_per_period_write[10],calc_per_period_write[11],calc_per_period_write[12],calc_per_period_write[13],calc_per_period_write[14],
EWMA,271903,106951,165016,64896,27391,27391,21914,21914,18575,18575,16621,16621,15418,15418,14714,14714,14295,14295,14047,10774,10774,8619,8619,7304,7304,6533,6533,6068,6068,5790,5790,5625,5625,5525,5478,5478,8765,8765,10727,10727,11905,11905,12607,12607,13028,13028,13281,13281,13434,2154,2154,3447,3447,4218,4218,4681,4681,4958,4958,5124,5124,5224,5224,5284,
SW,206139,81057,204082,80242,14047,13887,13883,13883,13888,13888,13432,13432,13593,13593,13673,13673,13757,13757,13753,5525,5464,5464,5464,5459,5459,5280,5280,5342,5342,5374,5374,5410,5410,5410,13434,13434,13434,13434,13886,13886,13734,13734,13638,13638,13566,13566,13566,13566,13566,5284,5284,5284,5284,5462,5462,5401,5401,5360,5360,5332,5332,5332,5332,5332,
LR,206603,81150,203490,79980,13753,14032,13753,13753,13753,13754,13754,13753,13756,13757,13757,13757,13757,13757,13757,5410,5410,5410,5410,5410,5410,5410,5410,5410,5410,5410,5410,5410,5410,5410,13566,13566,13566,13566,13566,13566,13566,13566,13566,13566,13566,13566,13566,13566,13566,5332,5332,5332,5332,5332,5332,5332,5332,5332,5332,5332,5332,5332,5332,5332,
AMBP,232152,91169,177754,69999,13757,13754,24497,20149,17566,15999,15071,14504,14167,13961,13844,13770,13726,13701,13686,5410,5410,9581,7896,6890,6281,5918,5699,5568,5490,5443,5416,5398,5389,5380,13566,2830,7163,9760,11321,12256,12819,13156,13358,13478,13551,13594,13620,13636,13646,5332,1162,2845,3855,4462,4825,5043,5174,5252,5299,5327,5344,5354,5361,5364,
AFC,232245,91318,177596,69816,13686,13669,24586,20227,17597,16021,15084,14515,14167,13968,13842,13773,13725,13702,13683,5380,5376,9667,7951,6917,6299,5930,5707,5572,5492,5444,5415,5398,5389,5381,13646,2733,7103,9727,11301,12245,12812,13152,13355,13477,13550,13594,13620,13636,13645,5364,1075,2793,3824,4442,4813,5036,5170,5250,5298,5327,5344,5354,5361,5365,
(# 4fft_NOcachecoloring above)

budget_function,total_used_budget_r,total_used_budget_w,total_calc_r,total_calc_w,used_budget_per_period_read[0],used_budget_per_period_read[1],used_budget_per_period_read[2],used_budget_per_period_read[3],used_budget_per_period_read[4],used_budget_per_period_read[5],used_budget_per_period_read[6],used_budget_per_period_read[7],used_budget_per_period_read[8],used_budget_per_period_read[9],used_budget_per_period_read[10],used_budget_per_period_read[11],used_budget_per_period_read[12],used_budget_per_period_read[13],used_budget_per_period_read[14],used_budget_per_period_write[0],used_budget_per_period_write[1],used_budget_per_period_write[2],used_budget_per_period_write[3],used_budget_per_period_write[4],used_budget_per_period_write[5],used_budget_per_period_write[6],used_budget_per_period_write[7],used_budget_per_period_write[8],used_budget_per_period_write[9],used_budget_per_period_write[10],used_budget_per_period_write[11],used_budget_per_period_write[12],used_budget_per_period_write[13],used_budget_per_period_write[14],calc_per_period_read[0],calc_per_period_read[1],calc_per_period_read[2],calc_per_period_read[3],calc_per_period_read[4],calc_per_period_read[5],calc_per_period_read[6],calc_per_period_read[7],calc_per_period_read[8],calc_per_period_read[9],calc_per_period_read[10],calc_per_period_read[11],calc_per_period_read[12],calc_per_period_read[13],calc_per_period_read[14],calc_per_period_write[0],calc_per_period_write[1],calc_per_period_write[2],calc_per_period_write[3],calc_per_period_write[4],calc_per_period_write[5],calc_per_period_write[6],calc_per_period_write[7],calc_per_period_write[8],calc_per_period_write[9],calc_per_period_write[10],calc_per_period_write[11],calc_per_period_write[12],calc_per_period_write[13],calc_per_period_write[14],
EWMA,272161,107054,165223,64988,27429,27429,21969,21969,18617,18617,16657,16657,15408,15408,14703,14703,14279,14279,14037,10794,10794,8647,8647,7323,7323,6553,6553,6054,6054,5781,5781,5615,5615,5520,5485,5485,8781,8781,10748,10748,11929,11929,12624,12624,13039,13039,13287,13287,13437,2158,2158,3455,3455,4228,4228,4693,4693,4965,4965,5128,5128,5225,5225,5284,
SW,206128,81055,204045,80210,14037,13881,13888,13888,13890,13890,13397,13397,13603,13603,13690,13690,13757,13757,13760,5520,5462,5476,5476,5463,5463,5248,5248,5350,5350,5386,5386,5409,5409,5409,13437,13437,13437,13437,13886,13886,13725,13725,13630,13630,13563,13563,13563,13563,13563,5284,5284,5284,5284,5467,5467,5396,5396,5354,5354,5328,5328,5328,5328,5328,
LR,206587,81135,203445,79920,13760,14011,13747,13757,13757,13757,13758,13753,13757,13755,13755,13755,13755,13755,13755,5409,5409,5409,5409,5409,5409,5409,5409,5409,5409,5409,5409,5409,5409,5409,13563,13563,13563,13563,13563,13563,13563,13563,13563,13563,13563,13563,13563,13563,13563,5328,5328,5328,5328,5328,5328,5328,5328,5328,5328,5328,5328,5328,5328,5328,
AMBP,232251,91228,177859,70075,13755,14049,24401,20121,17530,15993,15067,14502,14159,13965,13838,13769,13723,13697,13682,5409,5665,9504,7841,6856,6278,5915,5696,5565,5488,5440,5412,5395,5385,5379,13563,2889,7191,9777,11327,12260,12821,13157,13357,13478,13550,13593,13619,13634,13643,5328,1213,2871,3865,4463,4826,5043,5173,5251,5298,5326,5343,5353,5359,5363,
AFC,232230,91286,177593,69801,13682,13678,24581,20219,17603,16028,15076,14515,14168,13968,13844,13766,13723,13697,13682,5379,5376,9663,7947,6918,6296,5927,5706,5571,5490,5442,5412,5395,5385,5379,13643,2735,7104,9727,11302,12247,12812,13152,13355,13477,13550,13593,13619,13634,13643,5363,1075,2792,3823,4442,4812,5035,5169,5249,5297,5326,5343,5353,5359,5363,
(# 4fft_defaults above)

